filename,a_basic,a_pca,a_boundary,a_combined
PAT_100_393_898_mask.png,0.24379562043795622,0.29525547445255473,0.016294804567649045,0.1909833318812436
PAT_101_1041_651_mask.png,0.5623028391167192,0.19858044164037855,0.05631949057552748,0.3013911153114595
PAT_101_1041_658_mask.png,0.2811816192560175,0.13420860685630925,0.0736571150475176,0.17483236427355503
PAT_101_1041_898_mask.png,0.5287946174022123,0.2109704641350211,0.1114619831285793,0.3082475811399651
PAT_104_1754_276_mask.png,0.10269008721287311,0.32158211521926056,0.08117718023707833,0.1619038235220509
PAT_104_1755_320_mask.png,0.0,0.007532707810228624,0.005100983289161121,0.003790107329816924
PAT_104_1756_151_mask.png,0.25072682870101176,0.3182928247470636,0.02533570115979011,0.2033792892524608
PAT_106_158_249_mask.png,0.6879689292964957,0.24000353076176184,0.12666169113702003,0.3851871382882328
PAT_106_158_270_mask.png,0.19185092841677057,0.18325569188373467,0.08072653860367357,0.1559350405129307
PAT_106_159_325_mask.png,0.2518301610541728,0.21020706965070068,0.022064839504675894,0.1704136371682821
PAT_107_160_609_mask.png,0.20660576247364723,0.10962754743499649,0.019747716914016354,0.12145488429416276
PAT_108_161_423_mask.png,0.1793252451387735,0.07271065314941,0.02968142103594608,0.10244772031111622
PAT_108_161_575_mask.png,0.16963579984191646,0.10731440384264608,0.05306058459437827,0.11596681646787389
PAT_108_161_878_mask.png,0.28869327407913853,0.09118878728313819,0.10245626124932669,0.17357082419139486
PAT_108_162_526_mask.png,0.34400666587311035,0.11915248184739911,0.05620973037677305,0.1902113300164958
PAT_108_162_660_mask.png,0.13421418636995827,0.22600834492350486,0.018436945666166153,0.12701926172488462
PAT_108_424_944_mask.png,0.4218181818181818,0.43795118597456173,0.18664917171546175,0.3561073800342798
PAT_109_868_113_mask.png,0.16350451971789012,0.0635243866097149,0.03646620647124499,0.09539898581144401
PAT_109_868_723_mask.png,0.23099748915772655,0.11937913718329149,0.04476175797643332,0.14164126421100806
PAT_10_18_830_mask.png,0.2823920265780731,0.09302325581395349,0.0030306365632136014,0.14177297834437938
PAT_110_165_583_mask.png,0.19294676161410648,0.13818243472363512,0.0512446900722556,0.13400684208440983
PAT_110_397_52_mask.png,0.790011890606421,0.3618187061424589,0.18276840104502728,0.4793808883988143
PAT_112_168_360_mask.png,0.31531686113017615,0.08584991992679021,0.07361900426519749,0.17396742170966678
PAT_112_171_863_mask.png,0.20123246918827029,0.3236294092647684,0.09873502607604455,0.207202318277552
PAT_113_172_610_mask.png,0.0,0.007532707810228624,0.005100983289161121,0.003790107329816924
PAT_114_173_213_mask.png,0.6211152249523169,0.19163020307416134,0.09508964398325113,0.3344620440981505
PAT_115_1138_870_mask.png,0.6099824868651489,0.2833625218914186,0.04555217838442536,0.34266740482881275
PAT_115_1138_970_mask.png,0.06581344294455603,0.013078611798776216,0.008827261814144997,0.03289713926169878
PAT_115_175_206_mask.png,0.7769624193907049,0.07616188570157884,0.10644372290325875,0.3655666503377332
PAT_115_175_283_mask.png,0.7029206235441677,0.2322164486651138,0.057725386097512155,0.3681507998464548
PAT_115_176_455_mask.png,0.07698698421489893,0.01199760047990402,0.033517067775758524,0.04444919416265833
PAT_115_177_575_mask.png,0.2984532828282828,0.0794665404040404,0.049811319705148155,0.1581646711640697
PAT_115_177_622_mask.png,0.12622003221832653,0.06595280962759405,0.031968667074128855,0.07986445589784748
PAT_118_180_386_mask.png,0.3371710526315789,0.26726973684210525,0.025225786290013857,0.22261707799226732
PAT_118_180_500_mask.png,0.210568010773984,0.11914758773667115,0.04552637051844985,0.1336293917861299
PAT_119_181_684_mask.png,0.49979600163198695,0.4838841289269686,0.017672898088101803,0.3503855087573159
PAT_120_183_623_mask.png,0.18988289396288968,0.03154911502058713,0.05610300371935469,0.10224879320713842
PAT_121_184_502_mask.png,0.15430072225869992,0.05764937623112278,0.041537834397087095,0.09147645209194293
PAT_122_185_957_mask.png,0.6625256865309173,0.23155240052307116,0.11451680542915232,0.36883103639803394
PAT_122_869_60_mask.png,0.11654098521202624,0.04020174321809813,0.025461977624238994,0.06631551033751162
PAT_123_186_718_mask.png,0.2325130674810595,0.1925764961531685,0.08591387141656866,0.17655233726334496
PAT_123_187_164_mask.png,0.5204592287312334,0.3085075066234913,0.03482091569978853,0.31118221818947733
PAT_126_190_376_mask.png,0.3621377882909521,0.09565345949142519,0.10984409585882876,0.20650438192145704
PAT_126_191_304_mask.png,0.4322907083716651,0.21858325666973322,0.07201650372839531,0.2600962114681046
PAT_126_192_208_mask.png,0.5065585499642261,0.26591938945862154,0.048290079011607055,0.296886260526759
PAT_128_194_144_mask.png,0.22871815129369938,0.05174797550859175,0.06037799449942107,0.1251250515198836
PAT_131_197_260_mask.png,0.18767665347654042,0.14234030525720745,0.05966663977447248,0.13567274490012016
PAT_131_197_974_mask.png,0.20422696990581207,0.14319626311356154,0.08206355818134466,0.14926873435079668
PAT_132_198_114_mask.png,0.2429520295202952,0.21675276752767528,0.07222575853816131,0.18387436962786904
PAT_134_201_587_mask.png,0.7791878172588832,0.33248730964467005,0.050464741798776025,0.42656074233658714
PAT_135_202_105_mask.png,0.818728845430613,0.4633320797292215,0.04378824899072365,0.4796276367882287
PAT_135_202_593_mask.png,0.2628909551986475,0.24661876584953507,0.021203136931924337,0.18550295291389685
PAT_135_202_695_mask.png,0.2766743648960739,0.1836027713625866,0.05253520713628557,0.1815111395080912
PAT_136_203_436_mask.png,0.2677896184255758,0.15452045376418014,0.05221966811359512,0.1691378839335629
PAT_138_205_296_mask.png,0.5117431842322672,0.29989378024312524,0.1446548926937606,0.3380618755739726
PAT_138_206_507_mask.png,0.42480385669723036,0.41426275272819557,0.08641342631964201,0.3201243963932434
PAT_139_207_342_mask.png,0.22051610151418213,0.35167413094476435,0.04329196156132533,0.20669626835749977
PAT_13_21_350_mask.png,0.3659770631886665,0.24713289858331458,0.11686343628978375,0.25558972573739613
PAT_141_209_438_mask.png,0.17138599105812222,0.39344262295081966,0.019411145927460547,0.19241052708673295
PAT_142_210_904_mask.png,0.17491147118789568,0.13134456486747506,0.050357338846374944,0.12447515958931328
PAT_143_213_489_mask.png,0.13962499135127654,0.10496090777001314,0.06072265154853902,0.10555506433607627
PAT_145_216_110_mask.png,0.48644179894179895,0.09259259259259259,0.06599107348706994,0.24215181940061833
PAT_145_216_158_mask.png,0.3091972116033281,0.3746345851135597,0.04923824441351232,0.25084073349945285
PAT_145_216_924_mask.png,0.038981452373467465,0.015987784614002784,0.018509824163646497,0.025941863582681773
PAT_146_217_187_mask.png,0.2664274160938132,0.03234937323089365,0.09557416446449968,0.14494802774614327
PAT_147_219_206_mask.png,0.12285829469864946,0.05588591009877041,0.043517038062250754,0.07896420232776614
PAT_147_219_544_mask.png,0.28254948247684764,0.14609800362976408,0.036672806598885374,0.16785103605933388
PAT_148_220_174_mask.png,0.9138134592680047,0.095125653567212,0.151533644652461,0.4395231731731038
PAT_149_221_679_mask.png,0.7862275449101797,0.4259634888438134,0.07137718840811623,0.4636932211396508
PAT_14_22_850_mask.png,0.3063218390804598,0.3383141762452107,0.0507150761839999,0.23923751136094712
PAT_150_1799_644_mask.png,0.5627053499473065,0.11976938813464758,0.11731235121758396,0.29620666178459204
PAT_151_227_63_mask.png,0.8358366828855511,0.29659403427120795,0.05783536183466586,0.44066349198598265
PAT_152_230_707_mask.png,0.220969089390142,0.43567251461988304,0.054295031609478364,0.23537789962486522
PAT_152_230_934_mask.png,0.23030576045948534,0.05946280759051748,0.05449899362598733,0.12631084454874558
PAT_153_1200_541_mask.png,0.6565211760134697,0.2059318741095713,0.10082987534177952,0.3546369952407931
PAT_153_233_45_mask.png,0.20957167832167833,0.3342438811188811,0.06986282607374576,0.2050606834864594
PAT_154_235_162_mask.png,0.12491716368455931,0.049259995582063176,0.016106360521798663,0.06957677230498228
PAT_154_235_30_mask.png,0.13512192140805476,0.10493185846116238,0.05007018091453106,0.10054938037592995
PAT_154_236_800_mask.png,0.2582936924692655,0.06591709396429234,0.12439851183283702,0.160412158726845
PAT_154_237_2_mask.png,0.3943340187342929,0.06237148732008225,0.024248558561487502,0.18371962125818808
PAT_154_237_625_mask.png,0.2628155231846992,0.06566218169687535,0.0757936995256693,0.14756297364064308
PAT_155_238_413_mask.png,0.6416642877533543,0.14102198115900658,0.14864167421324334,0.34356481171301667
PAT_155_240_211_mask.png,0.2669836106593269,0.11172275741273614,0.06002476772050922,0.15831770180370439
PAT_156_241_538_mask.png,0.6631016042780749,0.1532620320855615,0.10111921621038666,0.34155501620001444
PAT_158_243_947_mask.png,0.14884855879213055,0.1352752783285039,0.023342542281613848,0.10712476969988755
PAT_158_621_68_mask.png,0.5025041736227045,0.31552587646076796,0.013121631166298362,0.2995959217372017
PAT_159_244_102_mask.png,0.34166125892277743,0.5350343733474352,0.16272005305741497,0.34599083149056603
PAT_159_245_181_mask.png,0.36877897990726427,0.21638330757341576,0.06753580184158163,0.23268732478740492
PAT_159_246_630_mask.png,0.37252549490101977,0.15806838632273545,0.018444366944448204,0.201964023940563
PAT_15_1001_749_mask.png,0.11525550167847819,0.04559865721745617,0.0446959422118702,0.07319058050018919
PAT_15_23_240_mask.png,0.21619166572044965,0.12058589758146929,0.05404846423335807,0.13886697483262808
PAT_15_3138_959_mask.png,0.5650313580681086,0.11751948889279644,0.14986595855102272,0.3062281774603892
PAT_160_248_254_mask.png,0.3609168609168609,0.11693861693861694,0.012323031901518643,0.18314523901878504
PAT_160_249_76_mask.png,0.22473336719146775,0.12811071609954292,0.03352945469488683,0.13838539811491604
PAT_161_250_197_mask.png,0.4275025278058645,0.3102123356926188,0.08514035094813142,0.2896068171145709
PAT_161_250_338_mask.png,0.41304812834224597,0.34609625668449195,0.034189459330581186,0.27930496614142036
PAT_162_252_773_mask.png,0.43435448577680524,0.14809315411065957,0.07823323503375193,0.24163971105404558
PAT_163_254_719_mask.png,0.2545748574346753,0.29151417141884417,0.11945553150262038,0.2251208538503095
PAT_164_255_119_mask.png,0.31899388810531265,0.18370944992947813,0.03761413770677011,0.19399463153299956
PAT_164_255_130_mask.png,0.49296095753776004,0.05135366201196922,0.13114020116152117,0.25193254196715115
PAT_165_256_460_mask.png,0.25074128984432914,0.40344699777613047,0.059759567396446764,0.23925848548950482
PAT_166_257_586_mask.png,0.17667844522968199,0.7067137809187279,0.013328539238282486,0.2866840741389759
PAT_166_3672_759_mask.png,0.2433651804670913,0.09461252653927814,0.04315202461269527,0.13867543753242856
PAT_167_258_479_mask.png,0.5392306020430341,0.13236252988480765,0.043572622150467005,0.26847278642779604
PAT_167_258_711_mask.png,0.43186582809224316,0.22292103424178897,0.015527082800452178,0.2442807663495696
PAT_167_684_365_mask.png,0.1963029937713482,0.42816958006831424,0.021493243655873125,0.21342004462579547
PAT_168_1486_97_mask.png,0.1848901098901099,0.048214285714285716,0.018703604608081136,0.09403141105275402
PAT_168_260_654_mask.png,0.27281087827629247,0.026998620508441176,0.06494799159929944,0.13670833494283918
PAT_168_261_38_mask.png,0.4752004752004752,0.3195723195723196,0.05501032428208,0.30245498323651
PAT_168_262_292_mask.png,0.058592570220477196,0.0684586731098359,0.01086803076548962,0.047235039250788535
PAT_168_262_74_mask.png,0.14292216659080564,0.030597279117989176,0.04847101922292616,0.08088935613859685
PAT_169_694_411_mask.png,0.08046556385464876,0.015854832057920543,0.03749193396253104,0.04819025534799498
PAT_16_24_691_mask.png,0.1041899681665663,0.421233760646993,0.03681342742314299,0.17909014368766732
PAT_170_264_785_mask.png,0.19740129935032483,0.6136931534232883,0.025384726182498082,0.27068388362186585
PAT_171_265_757_mask.png,0.24725363056642194,0.10920587289679563,0.07577739169574127,0.15439643160432984
PAT_172_266_950_mask.png,0.6731434217026181,0.21636752840441298,0.06200503227131117,0.3527691368837645
PAT_172_267_557_mask.png,0.0,0.007532707810228624,0.005100983289161121,0.003790107329816924
PAT_173_268_1000_mask.png,0.21403804704338864,0.21581857370443258,0.042107791999058806,0.16299312852840284
PAT_176_273_423_mask.png,0.1723814486711829,0.09812402292860865,0.048771923655315304,0.11302136344365034
PAT_177_274_371_mask.png,0.2969363707776905,0.08634459282534696,0.08805152858480882,0.17109338473412292
PAT_177_274_865_mask.png,0.2652078172309386,0.10734929810074319,0.024016615608696664,0.1454929010052074
PAT_177_275_905_mask.png,0.4112716444248373,0.21131576044998346,0.06821916877473766,0.24836913653735126
PAT_178_276_465_mask.png,0.523466516601013,0.20776589758019134,0.07170693765450702,0.29322845721081475
PAT_179_277_436_mask.png,0.2841628959276018,0.047601809954751134,0.020377554763580618,0.13405896778654025
PAT_179_278_331_mask.png,0.27765631832094445,0.22984987611135402,0.0467451838507688,0.1940410453170146
PAT_180_279_377_mask.png,0.08266220939067011,0.05135997568758547,0.07666331896736987,0.07147187215275465
PAT_180_279_746_mask.png,0.24620591767660224,0.0371219565454744,0.04141401188294976,0.12204315759916814
PAT_181_280_417_mask.png,0.2549636327894633,0.2630233929624533,0.015485599325257216,0.18553815080209848
PAT_181_281_54_mask.png,0.1289902726400877,0.05110289080695986,0.019928167274408253,0.07290542648044551
PAT_183_283_495_mask.png,0.3290763968072976,0.2022805017103763,0.02570191917775253,0.20002528498935768
PAT_183_283_602_mask.png,0.11600681140911026,0.1360153256704981,0.008922236267764418,0.08988399314512287
PAT_184_284_721_mask.png,0.1722943722943723,0.0632034632034632,0.02827365777875963,0.09636088521241576
PAT_185_285_862_mask.png,0.35845896147403683,0.45268006700167507,0.015577950536457783,0.2838609898510546
PAT_185_285_97_mask.png,0.19784134968039402,0.10877082678403018,0.05358785745065774,0.12784414514256398
PAT_186_286_109_mask.png,0.1,0.05796943231441048,0.10731610729911743,0.08958566188405838
PAT_187_287_482_mask.png,0.16027076800557463,0.021999900452939126,0.026492427080384823,0.07865600546222704
PAT_188_289_859_mask.png,0.5615945751566834,0.19973286756395767,0.08125286192911203,0.30893354891059427
PAT_188_289_908_mask.png,0.26819630337794775,0.07036328871892926,0.03065959901339987,0.13758538767087786
PAT_190_291_366_mask.png,0.6244029526704299,0.5117809382296752,0.049274835907601115,0.41807791330935484
PAT_191_293_314_mask.png,0.3614298323036187,0.34936746101794647,0.05973825279913446,0.2673036470665718
PAT_191_293_391_mask.png,0.48313671061762664,0.28022206800832755,0.08537390353251509,0.3029334757093035
PAT_191_293_699_mask.png,0.5056336716640283,0.2641527001862197,0.07376868054501694,0.3036298828849823
PAT_191_294_419_mask.png,0.31910718665685556,0.28106911814776986,0.11078331762124141,0.24519860539344562
PAT_191_294_629_mask.png,0.9191526156506701,0.29156939040207525,0.17336422469072363,0.5071411307881077
PAT_192_295_164_mask.png,0.07002012072434607,0.8100603621730382,0.031335755600944246,0.2804268836219332
PAT_192_296_824_mask.png,0.11905179982440738,0.2,0.021983807676184724,0.11421586223261837
PAT_192_884_310_mask.png,0.12257611241217799,0.06070257611241218,0.04290248379132263,0.08011196293599164
PAT_193_297_295_mask.png,1.0203829524397776,0.15410747374922792,0.051638762723057764,0.4698770519175968
PAT_194_298_367_mask.png,0.37938331318016927,0.16717049576783555,0.050406873254777176,0.21702653597885155
PAT_194_298_945_mask.png,0.5648598130841122,0.24523364485981308,0.020442534196890957,0.30564677895065606
PAT_196_300_749_mask.png,0.14570118083341466,0.04630623597150386,0.036893850465865324,0.08324049826457662
PAT_197_301_198_mask.png,0.3478960680616234,0.17199356173833066,0.05554274248825325,0.20741931849262454
PAT_197_301_449_mask.png,0.35049161364950837,0.038750722961249276,0.011064701788713108,0.15514127288479207
PAT_198_302_44_mask.png,0.3631151457238414,0.6242236024844721,0.07995267446035668,0.3564989413729852
PAT_198_853_778_mask.png,0.5060970991441339,0.16996137241536013,0.07849200936398558,0.2769748541914573
PAT_200_304_139_mask.png,0.38605898123324395,0.4528150134048257,0.037717430343511056,0.3015833256177986
PAT_201_306_781_mask.png,0.46385613909729667,0.21995950934857686,0.07239460559113041,0.2732486901208309
PAT_201_946_262_mask.png,0.265456094573726,0.06676960758213088,0.029815884153436733,0.1351580853501607
PAT_202_307_927_mask.png,0.27412044031944743,0.44571551910209367,0.04312944347175338,0.25630166489993306
PAT_202_308_692_mask.png,0.1851683864383717,0.15194466492799638,0.033145090929643,0.12959428133264048
PAT_202_308_721_mask.png,0.35187007874015747,0.1781496062992126,0.013447207183766918,0.19822707554095687
PAT_204_310_975_mask.png,0.44202020202020204,0.054276094276094276,0.04723249881012761,0.2072606587339474
PAT_205_311_255_mask.png,0.28581427904806345,0.6381241250583295,0.06031696992206447,0.3238580401133435
PAT_206_312_595_mask.png,0.5012545302481182,0.21875290400520397,0.08484825989816241,0.2915821612702572
PAT_206_312_760_mask.png,0.6367094626723728,0.5801236329053733,0.02417393225099167,0.4359730546158586
PAT_207_1280_15_mask.png,0.2681871804954778,0.23358238301219034,0.01042565808717999,0.1804772845280022
PAT_207_313_1_mask.png,0.31709383605168395,0.3161162602357599,0.10210864031774203,0.25230500458672417
PAT_207_313_709_mask.png,0.7264321394409607,0.1398660856626634,0.08149759256648564,0.35698195924512904
PAT_207_3951_140_mask.png,0.48963531669865645,0.5841487279843445,0.09936323300707547,0.40090771497688854
PAT_208_314_741_mask.png,0.11784638554216867,0.08207831325301204,0.018789745617238486,0.07739897187794262
PAT_20_29_850_mask.png,0.37071763433104943,0.19749969948311094,0.0897554922324344,0.23446361124708337
PAT_20_30_44_mask.png,0.23920472196334266,0.3703013358185772,0.011478230046744644,0.21021575854493363
PAT_210_316_401_mask.png,0.6090456113453431,0.6045939294503692,0.06819977172475096,0.44545635489067326
PAT_211_317_649_mask.png,0.17727587229415834,0.039043194622911934,0.044172683546865106,0.09587511236859644
PAT_211_318_942_mask.png,0.41844684594119125,0.1125911032922845,0.023327071220555863,0.20815419073032862
PAT_211_319_777_mask.png,0.18976637523290812,0.11896230471549377,0.02950098712485898,0.12044553764526908
PAT_212_326_597_mask.png,0.1401829094026865,0.22877965132895112,0.089454676287702,0.15154346204607053
PAT_212_327_532_mask.png,0.1504218561671354,0.09296906388107674,0.03262620098551871,0.09784732192683279
PAT_213_328_117_mask.png,0.08803986710963455,0.31021594684385384,0.02184710993925959,0.13483486387878785
PAT_214_329_300_mask.png,0.36354193715917943,0.33770449233965205,0.06083628100008722,0.2649790068655935
PAT_214_329_70_mask.png,0.22258396161754626,0.12051633538953621,0.06448105608106357,0.14453280208819844
PAT_215_330_224_mask.png,0.37859376576213055,0.1830929083022294,0.1273978013889907,0.24458471921221825
PAT_215_330_341_mask.png,0.08143591626882116,0.013174807197943445,0.03653969226444376,0.047488716346244624
PAT_216_331_678_mask.png,0.8885565874390052,0.11742483865890131,0.08217512645732905,0.41530262451047123
PAT_217_1290_283_mask.png,0.13808219178082193,0.20493150684931508,0.011114139891139536,0.12004657073446515
PAT_217_1291_419_mask.png,0.4118942731277533,0.16593245227606462,0.015837310329449093,0.21928863803275545
PAT_217_332_906_mask.png,0.13252197430696416,0.30687964841108856,0.018876780077789455,0.1507357182694491
PAT_217_333_61_mask.png,0.24363032535934825,0.018369570857765555,0.03776261457070821,0.11429178577228144
PAT_217_963_806_mask.png,0.1019412326296807,0.18881934867932534,0.05002151742056221,0.11242875288183854
PAT_219_336_376_mask.png,0.043194374686087396,0.016620245650883523,0.026211646106035314,0.03012731740151061
PAT_219_337_358_mask.png,0.34156481250519666,0.28477592084476594,0.08454172856412727,0.24742121982474666
PAT_21_31_965_mask.png,0.3391911410688493,0.15454983148772267,0.015435075771577088,0.18667192860532966
PAT_21_982_266_mask.png,0.48345323741007196,0.20431654676258992,0.009198019829720832,0.25743566494172204
PAT_220_1343_489_mask.png,0.06473752550547208,0.08347245409015025,0.014374890008545397,0.05524921343179753
PAT_220_338_339_mask.png,0.1403749742462743,0.03021770482796511,0.030034239309877912,0.07422557293986262
PAT_221_339_566_mask.png,0.6096365863617803,0.22233564720293997,0.0434109798022509,0.32357862264626935
PAT_221_339_951_mask.png,0.108121434105797,0.2837219130802282,0.08397215765465493,0.15355679486278373
PAT_223_1067_569_mask.png,0.3945387712235253,0.1890425345702783,0.15398037417775445,0.26072238111381996
PAT_223_341_187_mask.png,0.21421889616463985,0.21702525724976612,0.005734604916407912,0.15251551711570815
PAT_224_1340_142_mask.png,0.5759023354564756,0.10084925690021232,0.015307885734374136,0.2652080769729662
PAT_224_1340_551_mask.png,1.0003141690229342,0.2956330505812127,0.0859476560701078,0.5145998796045699
PAT_224_343_782_mask.png,0.0640891675374434,0.04144897248345524,0.033287413202348855,0.04805658272071859
PAT_225_345_903_mask.png,0.23056280823904846,0.16042935886277923,0.06660815553483136,0.16033637761490255
PAT_227_347_19_mask.png,0.1103202846975089,0.2538569424964937,0.01222311585643515,0.12395213138488222
PAT_228_348_2_mask.png,0.3228311515420457,0.11071666296871534,0.058949456142864086,0.18003229635029214
PAT_228_348_535_mask.png,0.25515028706518067,0.1337386018237082,0.02260053548834715,0.14896185601968887
PAT_229_349_141_mask.png,0.15181324328292467,0.3375422111290559,0.10933150372932024,0.1947874117706827
PAT_229_349_256_mask.png,0.20793163891323402,0.3229623137598598,0.049530056438648225,0.19492036662484602
PAT_230_1007_645_mask.png,0.361323155216285,0.6407972858354538,0.04446742872652863,0.35010867645510874
PAT_230_1008_673_mask.png,0.31957796014067996,0.0798358733880422,0.054207840809603856,0.16804429831556583
PAT_230_1009_92_mask.png,1.1722244017261672,0.7732287325324835,0.08701230251035305,0.7269620712033179
PAT_230_350_872_mask.png,0.4845236500066997,0.11898700254589308,0.06843175593061238,0.25003508754563153
PAT_230_351_720_mask.png,0.1040281579976535,0.23308564724286274,0.016000719739594323,0.11633717329379852
PAT_233_354_828_mask.png,0.19349962207105065,0.20691609977324263,0.040089270258189244,0.15150145983784982
PAT_233_354_935_mask.png,0.5433982114676486,0.5938979484481852,0.02238011197497836,0.40224270271400847
PAT_235_360_50_mask.png,0.13301640123603517,0.03318279058711671,0.04967375666555676,0.07806352467021611
PAT_236_1071_810_mask.png,0.5036702428006776,0.11970638057594579,0.04009247011685242,0.24940775232811052
PAT_237_362_52_mask.png,0.3044245033456092,0.028938906752411574,0.09663902587545642,0.1594431811266041
PAT_237_362_909_mask.png,0.3649685973482205,0.08560130262851826,0.031772251530097786,0.181199505186873
PAT_237_363_344_mask.png,0.34906001446131596,0.4349240780911063,0.06420412312073787,0.2893624661480796
PAT_237_363_858_mask.png,0.5511475814412635,0.22030970448516257,0.08811564746691586,0.31298663816212896
PAT_238_364_387_mask.png,0.23520264359996113,0.12304402760229372,0.03764821492358993,0.14228873019774957
PAT_240_366_768_mask.png,0.18875152359394046,0.09019676127459515,0.05196315336985736,0.11814858383091195
PAT_241_367_374_mask.png,0.5432324225609327,0.26529465477277514,0.13093909568040207,0.33616309416032625
PAT_241_367_89_mask.png,0.5870664110162106,0.3894972951576725,0.10844526119807381,0.3842093313132081
PAT_242_368_261_mask.png,0.13971170600348487,0.022334864565182955,0.11188691882616221,0.09615121741879751
PAT_242_369_337_mask.png,0.22422145328719723,0.15501730103806227,0.0720900325236219,0.15782078138338412
PAT_242_369_930_mask.png,0.21603610221965683,0.027021354740542528,0.10792004639589915,0.12689686122879523
PAT_243_372_119_mask.png,0.09006983641059983,0.04175834688606142,0.026979267415827693,0.056649218854806664
PAT_243_372_640_mask.png,0.07142525426090188,0.05582129754330562,0.03328096096840666,0.05530077925787443
PAT_244_374_726_mask.png,0.3695829926410466,0.5966735966735967,0.04564796380315542,0.3405296651994442
PAT_245_376_197_mask.png,0.8691964927411241,0.37588040822193475,0.17113919203411737,0.5117844771732653
PAT_245_376_24_mask.png,0.7080549845837616,0.18004881808838644,0.19351556906154785,0.39529130997848494
PAT_246_377_159_mask.png,0.21621621621621623,0.14814814814814814,0.017981259448785925,0.13632530876556673
PAT_247_1293_449_mask.png,0.2965751760991013,0.1503521982025747,0.031893314486566925,0.17330372424638302
PAT_247_1294_292_mask.png,0.4304223702510797,0.11419369006661298,0.08546479322020067,0.23206649308647598
PAT_247_378_484_mask.png,0.2560037304733038,0.11622755887153183,0.059215646344870726,0.15503445375424232
PAT_248_379_695_mask.png,0.40059171597633136,0.4747041420118343,0.09593123746975402,0.3314273002350091
PAT_249_380_366_mask.png,0.15666327568667346,0.05681195711714532,0.027300525632478492,0.08789905509955652
PAT_251_382_164_mask.png,0.46413917610372557,0.0965041851304776,0.040266466307381586,0.22668686587284798
PAT_251_382_240_mask.png,0.16914643696162882,0.27721221613155833,0.010279367794196116,0.15390604996237783
PAT_251_382_576_mask.png,0.11910669975186104,0.1794044665012407,0.01636707782898436,0.10637414319981194
PAT_252_383_31_mask.png,0.2665443502467417,0.027774262938124763,0.016743520199562312,0.11997307504000282
PAT_252_383_389_mask.png,0.218251013485563,0.31215355340448414,0.07346783398374356,0.20298682161069354
PAT_253_384_607_mask.png,0.21606606606606607,0.146996996996997,0.023960908647879205,0.1377137981198893
PAT_255_388_231_mask.png,0.23167539267015708,0.1378965198644903,0.06578311080145569,0.15377404626784663
PAT_255_388_77_mask.png,0.18445646827348747,0.07094059135377384,0.11235324106859236,0.12877073703610487
PAT_256_394_449_mask.png,0.8536471684921929,0.3145518044237485,0.07927202439717139,0.45960601604315315
PAT_257_395_866_mask.png,0.08007279344858963,0.06824385805277525,0.019783574506092954,0.05843734714709631
PAT_257_396_494_mask.png,0.17238901309485788,0.13070903864580005,0.054593198995461084,0.12454627653032149
PAT_259_399_801_mask.png,0.2857373955244001,0.11852251280668644,0.09857699584522416,0.17942481080533323
PAT_260_400_566_mask.png,0.2341996875443829,0.4273540690242863,0.04730526621220607,0.23607767558870085
PAT_260_400_842_mask.png,0.3126764020125169,0.14750276107497853,0.03932025847037529,0.1811174666686129
PAT_261_401_911_mask.png,0.8147326381184824,0.20974779971895569,0.13926208418365973,0.43059602041817757
PAT_262_402_14_mask.png,0.2719839908519154,0.06243567753001715,0.06875497198932339,0.14815079119656832
PAT_262_402_265_mask.png,0.1767221451687471,0.03374942209893666,0.031880491517369644,0.09037783215239073
PAT_263_1480_753_mask.png,0.5606508875739645,0.110661447621575,0.08949916410692248,0.28430853854813504
PAT_263_403_382_mask.png,0.06649804552770752,0.02087836284203265,0.023878671395014157,0.040026328482197046
PAT_263_403_966_mask.png,0.09206963249516441,0.2549323017408124,0.015946405507645024,0.11809146517260298
PAT_263_404_410_mask.png,0.2108167770419426,0.1631346578366446,0.035754676307691,0.14399351106007774
PAT_264_1368_868_mask.png,0.46616541353383456,0.9586466165413534,0.012169999571190287,0.47771115024729693
PAT_264_405_118_mask.png,0.10151712694085575,0.06293706293706294,0.035321323101223406,0.07008436658782821
PAT_265_406_276_mask.png,0.19348659003831417,0.24247400109469075,0.036373322012173866,0.16104883294738506
PAT_265_407_137_mask.png,0.1978021978021978,0.06532356532356533,0.044743342294524376,0.11214095140630603
PAT_265_407_421_mask.png,0.0,0.007532707810228624,0.005100983289161121,0.003790107329816924
PAT_267_1061_152_mask.png,0.2642470550780006,0.036028865541759526,0.11888442484069439,0.15217280914593642
PAT_267_1061_324_mask.png,0.1496216336523481,0.08452036501224126,0.0594256928146975,0.10303247080902087
PAT_267_1062_418_mask.png,0.1289225537177307,0.0605966919152883,0.011599679458753332,0.07322793289930478
PAT_267_1258_693_mask.png,0.10583112457402499,0.11425596365013252,0.06513427981428413,0.096149522868935
PAT_267_411_513_mask.png,0.3555572565829761,0.20514390691977955,0.09124375410473375,0.23113920094054446
PAT_267_412_275_mask.png,0.46479122434536446,0.8763269639065817,0.15580892261546003,0.4955572556947583
PAT_268_413_643_mask.png,0.24030801911842803,0.09895556735705435,0.0299220650119245,0.13478649735806486
PAT_269_415_103_mask.png,0.1979578392621871,0.12384716732542819,0.14359795956236018,0.15941667377121135
PAT_269_415_906_mask.png,0.1122128781222543,0.125517760763148,0.02940575608509548,0.09136220630337477
PAT_26_37_865_mask.png,0.18571428571428572,0.09652509652509653,0.008554498239986772,0.10580959271523928
PAT_270_1382_561_mask.png,0.48154761904761906,0.15357142857142858,0.09210171782726462,0.26632099153865557
PAT_270_1384_995_mask.png,0.09447801817594685,0.053374544448032475,0.03371790210997154,0.06391894123777994
PAT_270_1386_755_mask.png,0.2994652406417112,0.3048128342245989,0.004795761979059209,0.21266867511778195
PAT_270_1387_430_mask.png,0.1679173463839043,0.07862969004893965,0.23335345540557745,0.16076188218991685
PAT_270_416_398_mask.png,0.20531292210715893,0.4036470058532193,0.011777021788858491,0.20675237713548691
PAT_270_417_257_mask.png,0.2332516339869281,0.13392857142857142,0.07170778593925803,0.15499156080512008
PAT_270_417_728_mask.png,0.9030754892823858,0.23312475036612967,0.09392973081110466,0.45934654006612463
PAT_271_418_14_mask.png,0.2497280107121935,0.049627583898234164,0.06486426495000591,0.13423875893934945
PAT_271_418_92_mask.png,0.11660474421263219,0.25593026579022576,0.03713115810124196,0.1345603248524932
PAT_272_419_906_mask.png,0.5164576802507836,0.01404629852905715,0.11031831021559013,0.24389245472370766
PAT_272_420_10_mask.png,0.04053932584269663,0.011910112359550562,0.01798329907647992,0.025183753767887795
PAT_272_420_25_mask.png,0.1919466814773674,0.03543460149958345,0.08930243519412533,0.11419978359905959
PAT_273_421_905_mask.png,0.15000364086506954,0.25580717978591716,0.10872944997836899,0.16936244527531366
PAT_274_423_374_mask.png,0.12058720727018525,0.05505068157986718,0.013818407538587473,0.0688956096436105
PAT_276_425_539_mask.png,0.06756579808825455,0.02802147440094278,0.011115659655966071,0.038767459452374475
PAT_277_426_825_mask.png,0.09573428850537284,0.06447411266688376,0.018629647645290234,0.06322484349580133
PAT_277_427_658_mask.png,0.20976764199655765,0.08541308089500861,0.020243525503757513,0.11560403871825291
PAT_279_1393_118_mask.png,0.19305882352941175,0.09952941176470588,0.029548004776938145,0.1159467543742579
PAT_279_429_142_mask.png,0.18643162393162394,0.23851495726495728,0.012165867968952087,0.14977689714282236
PAT_279_430_356_mask.png,0.10280633509308142,0.17227007502083913,0.03082546407153663,0.10205119576494528
PAT_27_38_240_mask.png,0.21027682973075465,0.09442548350398179,0.06271991019236421,0.13125435000120567
PAT_280_431_466_mask.png,0.480101219231654,0.09224752703013572,0.0589500917396585,0.23739977332359988
PAT_281_432_813_mask.png,0.27685804860866503,0.3261437908496732,0.019312130045879648,0.21437999571213187
PAT_282_433_934_mask.png,0.3403217061268751,0.21344659316826314,0.05672922025805457,0.21718142647864536
PAT_286_1458_381_mask.png,0.5865546218487395,0.5828571428571429,0.046559328439991554,0.4234467901286362
PAT_286_1459_666_mask.png,0.3673388241976711,0.1569440499857995,0.06839501999784421,0.21453725067416154
PAT_286_1459_926_mask.png,0.24340917298663778,0.041170097508125676,0.010618491731571759,0.11290024596656434
PAT_287_440_729_mask.png,0.17549150379864292,0.06385199791219626,0.11044507205359266,0.12248572250919385
PAT_288_441_312_mask.png,0.08183733670459334,0.22848714707121787,0.026873445060776917,0.10934311232143577
PAT_289_1399_481_mask.png,0.07588075880758807,0.09123757904245709,0.005117890496608256,0.05925894438475483
PAT_289_442_43_mask.png,0.36363636363636365,0.2127659574468085,0.009713197594488496,0.2121982919669346
PAT_290_445_686_mask.png,0.11727830743110879,0.24121718688781507,0.05256674397972451,0.1350465022327054
PAT_290_445_988_mask.png,0.17084194214876033,0.22959710743801653,0.04141105325088778,0.1496392250661754
PAT_291_446_704_mask.png,0.3973343635310025,0.1010237589337454,0.033144431233574884,0.1991842024625971
PAT_294_638_564_mask.png,0.10146757140602809,0.26211140918415654,0.045270585378569886,0.13280162693122916
PAT_295_639_240_mask.png,0.11857980006894174,0.4470872113064461,0.01864481447721242,0.18715152776267424
PAT_296_640_206_mask.png,0.3385558583106267,0.0800408719346049,0.013657320528329636,0.16353180106313103
PAT_297_4307_924_mask.png,0.3919851380042463,0.1802016985138004,0.033197221128617636,0.22081373109442395
PAT_299_1452_1_mask.png,0.33733294312749973,0.3447468539654668,0.04379345611547837,0.2514952702752834
PAT_299_1455_759_mask.png,0.2060169070114371,0.038687220288413725,0.06262627791977712,0.1128008122670321
PAT_29_40_561_mask.png,0.2799830723656369,0.09217096910706729,0.04118694108237427,0.15200060200308724
PAT_300_1478_445_mask.png,0.19521227350879514,0.13291892606798042,0.032029059699436084,0.127569305133743
PAT_300_1689_862_mask.png,0.2726473175021988,0.5215479331574319,0.005762057312130749,0.2672519241417483
PAT_300_647_501_mask.png,0.32710460412251974,0.5499903679445194,0.07387932278623577,0.31800274886823443
PAT_300_648_84_mask.png,0.12834543826484926,0.04457267933538951,0.020576338151741366,0.07088288055207896
PAT_301_649_533_mask.png,0.1979928662112327,0.11559156036515325,0.08661796466254693,0.13986000399280313
PAT_302_650_477_mask.png,0.5792903692976105,0.5459811730629979,0.031085346315330043,0.40483610353254257
PAT_302_651_529_mask.png,0.09856644135779544,0.058902176335140756,0.017698293342350867,0.06240671744636567
PAT_303_652_342_mask.png,0.22028860184834892,0.12797924660865806,0.0777138221792776,0.14982336137572028
PAT_303_652_943_mask.png,0.3067160232681121,0.0702576112412178,0.055623564158677065,0.1604507619272133
PAT_304_4186_458_mask.png,0.8181584362139918,0.45309307077837635,0.13439068656040964,0.5035085016872326
PAT_304_653_446_mask.png,0.31378935939196523,0.6773324351633546,0.050894369761187865,0.34398378523414885
PAT_305_655_30_mask.png,0.27805666638305115,0.2875861482174764,0.05424151796377748,0.21377096640759663
PAT_306_1646_903_mask.png,0.0459645802352305,0.027083051687621106,0.022686794976002896,0.0333167860931794
PAT_306_1646_971_mask.png,0.36593317033414835,0.27709861450692747,0.09282542433166689,0.2573504797852376
PAT_306_658_825_mask.png,0.11628802464381979,0.1386214863303812,0.016694136878294148,0.09310989682013052
PAT_307_1685_651_mask.png,0.1392331243621519,0.6614666861058464,0.09695156385492253,0.2832187247330914
PAT_307_659_85_mask.png,0.32368775235531627,0.05652759084791386,0.008336487445783422,0.14893432443023571
PAT_308_661_184_mask.png,0.15433896330809552,0.061153174140943505,0.06683361329952206,0.10013162155537789
PAT_309_662_737_mask.png,0.19008567035220034,0.1848868712015816,0.0802942005740942,0.15558858967358288
PAT_309_662_76_mask.png,0.5496968583501746,0.12272643762630903,0.036281575087087806,0.26758114715408887
PAT_309_663_812_mask.png,0.2061111111111111,0.25133333333333335,0.06717865910045101,0.17799804217457976
PAT_30_41_815_mask.png,0.31597023468803664,0.5884373211219233,0.02817338038860431,0.31137130432837296
PAT_311_666_191_mask.png,0.2851171816689058,0.033139274518584866,0.03361433076271111,0.13407295425195112
PAT_311_667_416_mask.png,0.33728090952155376,0.10563713879677877,0.018854739018892345,0.17225992715332286
PAT_312_668_480_mask.png,0.32681725276453016,0.029977464493475183,0.08422123893290645,0.16498651213372656
PAT_313_669_908_mask.png,0.14938608458390176,0.3108799454297408,0.05294533668445129,0.16890201846781833
PAT_313_669_935_mask.png,0.3518360375747225,0.23474001507159006,0.043153146908188986,0.22410236362382271
PAT_314_672_909_mask.png,0.16331535066208927,0.0980872976949485,0.01063012060105952,0.09794136575363811
PAT_315_673_227_mask.png,0.544686382840429,0.309067273318167,0.026572873550049326,0.31856659719663655
PAT_316_1457_353_mask.png,0.23527578684948583,0.3166095356808975,0.027047569530900564,0.19720744630333373
PAT_316_674_318_mask.png,0.23546438459602315,0.19865341052101687,0.095512936745852,0.18243565801846992
PAT_316_674_924_mask.png,0.3522839685772476,0.15847869602516443,0.07485274321541854,0.21091301920307393
PAT_317_675_144_mask.png,0.4872813990461049,0.13036565977742448,0.025805115629617174,0.2417637922405545
PAT_318_677_278_mask.png,0.8566073102155577,0.462109955423477,0.01778435539374017,0.48661121733138823
PAT_319_678_357_mask.png,0.2901672579827674,0.15965534718702484,0.01956218709987555,0.16983216347917707
PAT_319_679_533_mask.png,0.5790462767206953,0.38007986845196146,0.06628488302149596,0.3655279361303153
PAT_319_680_832_mask.png,0.3818923792350764,0.055233937553383315,0.054318023193353354,0.1856225399180516
PAT_31_42_680_mask.png,0.4969389278781544,0.2816186352097954,0.05488507147250887,0.2997266831559531
PAT_31_43_129_mask.png,0.0,0.007532707810228624,0.005100983289161121,0.003790107329816924
PAT_320_681_410_mask.png,0.09838673028857078,0.1388320836173597,0.014896755250198734,0.08547334377569585
PAT_320_681_724_mask.png,0.18419647624132407,0.09193806727175655,0.031010461763554886,0.11056314920712305
PAT_321_682_236_mask.png,0.16839237057220707,0.47356948228882834,0.003673399377586734,0.21052981272880733
PAT_323_686_356_mask.png,0.22934435665323635,0.05771545183402229,0.10491500073165146,0.14052687843099668
PAT_323_687_169_mask.png,0.4395278333225827,0.22969747790750178,0.08899492754843195,0.2714188549658132
PAT_324_1464_266_mask.png,0.3839166767591135,0.1724597311372169,0.05890954391886085,0.22297745322046872
PAT_324_1465_43_mask.png,0.3996169805298436,0.3068336509665124,0.024107132492054956,0.25912902724950765
PAT_325_1506_440_mask.png,0.32662804420126595,0.10041302365499115,0.11662499592639829,0.19576262355492322
PAT_325_1506_999_mask.png,0.4311377245508982,0.28178936245156744,0.028639064142673663,0.2655836177986316
PAT_325_689_528_mask.png,0.08689655172413793,0.21264367816091953,0.02247334778573412,0.10529372847365127
PAT_326_690_797_mask.png,0.28303317535545025,0.24265402843601896,0.028079581880038014,0.19443335323699718
PAT_326_690_823_mask.png,0.10615419812399908,0.3607870052619538,0.05399311186333916,0.16689571438718753
PAT_328_1738_890_mask.png,0.3469630395451021,0.02403721891961747,0.11256747441845256,0.17976662381946185
PAT_328_692_681_mask.png,0.12425126708646905,0.2041929043157733,0.05189130197688085,0.12652576872238386
PAT_32_44_211_mask.png,0.1727921593693406,0.20411206988388197,0.07983122074518141,0.15429985093645526
PAT_330_1437_458_mask.png,0.27178460978715663,0.22548662907040204,0.06740540359357047,0.1965814537140544
PAT_330_1437_506_mask.png,0.7535395909805978,0.32558139534883723,0.029189531102445192,0.4078471143276238
PAT_330_1438_323_mask.png,0.9793733681462141,0.29817232375979114,0.05633843159174604,0.4981025738639468
PAT_330_1440_532_mask.png,0.06386192017259978,0.1581445523193096,0.047623682384825665,0.08727523848028049
PAT_330_695_296_mask.png,0.2049792531120332,0.1016597510373444,0.02582944246664051,0.12023845929600875
PAT_330_695_90_mask.png,0.08914100486223663,0.05287682333873582,0.012902381256735339,0.055390163323536
PAT_330_696_894_mask.png,0.21708542713567838,0.8552763819095477,0.02001318671493071,0.3494210414416149
PAT_330_697_575_mask.png,0.4283956692913386,0.1451771653543307,0.026081161560692442,0.2227357657910424
PAT_330_698_211_mask.png,0.21972699251431088,0.15954792308821372,0.025321615462069,0.14335165857080917
PAT_330_698_302_mask.png,0.12910930036527116,0.1539758359089632,0.03043369415880484,0.10696657916643885
PAT_333_1468_620_mask.png,0.18385650224215247,0.07829354017694824,0.024399352089937952,0.10435046857692684
PAT_333_1469_499_mask.png,0.1162227602905569,0.3274364239456642,0.06508261508777859,0.1642448158262556
PAT_333_702_840_mask.png,0.3908898305084746,0.11670197740112995,0.05017990086805504,0.20642049568414533
PAT_334_703_907_mask.png,0.14046603216278306,0.20315063997374466,0.014539238914646873,0.12149337653163067
PAT_336_705_711_mask.png,0.5967487017385414,0.118988484985324,0.039352546371205395,0.2862017901023754
PAT_337_1697_721_mask.png,0.13595816671793295,0.3335896647185481,0.04732377284862932,0.1686572979573264
PAT_337_706_254_mask.png,0.4731823599523242,0.14116507747318235,0.1024801958554586,0.262366525979522
PAT_337_706_598_mask.png,0.5722548925093994,0.07914778752530609,0.09586402202651176,0.28140549986930513
PAT_337_706_944_mask.png,0.3664785062961355,0.16778115501519758,0.05973571125237179,0.214846462398725
PAT_338_707_774_mask.png,0.47584187408491946,0.1903367496339678,0.02624776917077156,0.2553121052753896
PAT_338_709_306_mask.png,0.12965034965034966,0.13986013986013987,0.05502403385968403,0.11032539197608704
PAT_338_710_93_mask.png,0.34025418396879326,0.21781804454511136,0.04317565505737931,0.21439978346826452
PAT_340_714_314_mask.png,0.07438785960338888,0.030118238525276977,0.033807692521969364,0.048932923155529454
PAT_340_714_68_mask.png,0.22715546503733877,0.12396469789545146,0.029088899996658098,0.13677826538256838
PAT_341_715_180_mask.png,0.3379322702024727,0.0503493997491489,0.029077066693262193,0.1590008480137124
PAT_342_716_316_mask.png,0.24320601127113337,0.1274131274131274,0.06013191334818381,0.1535459167368467
PAT_342_716_845_mask.png,0.5611336986624241,0.06581816039125567,0.15398317157773062,0.29039387905566555
PAT_343_717_927_mask.png,0.39541775903339793,0.3285079220335119,0.07411826756712923,0.2789549604935515
PAT_344_718_206_mask.png,0.2615114235500879,0.08066783831282953,0.04018770728165365,0.1408612330983801
PAT_345_719_815_mask.png,0.09634551495016612,0.08234456573327005,0.012991209002125626,0.06713893840068515
PAT_346_720_265_mask.png,0.08110821120256977,0.2995382453322626,0.016971685049973165,0.12739626359569864
PAT_349_724_133_mask.png,0.33134465351078474,0.10784763653051858,0.05543271818609524,0.18152196781929802
PAT_349_724_750_mask.png,0.37682805622604004,0.12061621468124378,0.0822565082372146,0.21159303936595356
PAT_34_47_108_mask.png,0.34442270058708413,0.11545988258317025,0.005099357858851032,0.17393685236744005
PAT_351_728_683_mask.png,0.27354587490873694,0.09041129228522755,0.033857781779870956,0.14669907218302433
PAT_352_729_947_mask.png,0.28755226761016406,0.31971695078803475,0.03381556793048356,0.22108066265962112
PAT_354_1814_153_mask.png,0.1464750171115674,0.35906913073237506,0.06658651199877842,0.18628669966397302
PAT_354_1814_619_mask.png,0.32778391234179904,0.20776352671366685,0.055455509913657,0.2100792759249168
PAT_354_1814_726_mask.png,0.3966172881548328,0.22597844583096993,0.09005823411881599,0.2534579192468689
PAT_354_1817_500_mask.png,0.34114793856103476,0.2704122877930477,0.012429675824722606,0.221311764509745
PAT_354_731_155_mask.png,0.05530388825972065,0.07134767836919592,0.013490733151648034,0.04757307876014145
PAT_355_732_102_mask.png,0.23304007820136852,0.10459433040078202,0.02969379435981254,0.13350246870872579
PAT_355_732_625_mask.png,0.3249881908360888,0.24988190836088806,0.027976366661765315,0.21335275884123153
PAT_356_4511_960_mask.png,0.3137561994257374,0.051840250587314014,0.08590302136227732,0.16682546135517234
PAT_356_735_568_mask.png,0.08298029102965555,0.0146896297660711,0.022349389333531082,0.04430382214174288
PAT_356_736_188_mask.png,0.2087912087912088,0.4811374192817492,0.12055565598052732,0.2640244060951665
PAT_357_737_77_mask.png,0.16748678695097502,0.0747220703480955,0.015180227548846978,0.09396540414947276
PAT_358_738_837_mask.png,0.33718502018655155,0.1797299178616177,0.02174164555617955,0.1953154770999598
PAT_359_1596_68_mask.png,0.1289669142471303,0.3075624577987846,0.03084026686703683,0.15310758309859854
PAT_359_4450_86_mask.png,0.23655523255813954,0.4120639534883721,0.022803596179652604,0.2250823579236632
PAT_359_740_46_mask.png,0.1419199650120271,0.43953640935928273,0.05062035740400336,0.20381501603379665
PAT_359_741_973_mask.png,0.35129310344827586,0.3081896551724138,0.01780750043825151,0.23831638806250996
PAT_35_48_43_mask.png,0.42771305947271615,0.05800122624156959,0.0497488491200701,0.20341024639757838
PAT_360_742_768_mask.png,0.12577894391603806,0.18317481141357822,0.03011482241341459,0.11429846771451307
PAT_360_742_782_mask.png,0.29771490750816104,0.40043525571273125,0.05293280532260889,0.25509638131386647
PAT_361_1567_487_mask.png,0.31582813073815647,0.09658464928387808,0.018693513049993442,0.16091470099542404
PAT_361_1568_456_mask.png,0.3514259429622815,0.08739650413983441,0.10796822122040418,0.19917979479298417
PAT_361_743_82_mask.png,0.24631703005303476,0.26988803771361225,0.05919316236644152,0.19725117204523007
PAT_362_744_283_mask.png,0.36127105992748987,0.14768607378972062,0.05231241535000535,0.20450797071291374
PAT_363_745_516_mask.png,0.46710208030962747,0.1262699564586357,0.027368767747254257,0.23293244938561797
PAT_363_746_18_mask.png,0.3941018766756032,0.06491765607047108,0.035269118249543555,0.1876967829662457
PAT_364_748_278_mask.png,0.3693858845096242,0.04227772685609533,0.0852257555959046,0.18600539853944967
PAT_364_749_377_mask.png,0.15556728232189973,0.12105540897097625,0.02989813011185744,0.10751297465361001
PAT_365_750_854_mask.png,0.32003377665188937,0.18893814650622756,0.05694448220701817,0.20177829927472948
PAT_365_751_709_mask.png,0.1549148491186137,0.04078279055870929,0.030611587022934195,0.08338425292193852
PAT_366_2448_563_mask.png,0.15200454052938445,0.03905484187174328,0.07123128174779345,0.09388765329761481
PAT_366_752_782_mask.png,0.26798068137318887,0.06108863072705913,0.035600078033411905,0.13619888517741688
PAT_367_753_130_mask.png,0.4405669494255342,0.20519703640073017,0.06714772115163034,0.25793020703592184
PAT_368_1652_525_mask.png,0.309342717675105,0.16517198319900103,0.04098444194095184,0.18558401461202786
PAT_368_1652_733_mask.png,0.3273025091206909,0.14079368624823171,0.06887129101800715,0.19382049682814806
PAT_368_2427_803_mask.png,0.23919649755343805,0.1320113314447592,0.05841737187701842,0.1528072100179085
PAT_369_755_391_mask.png,0.33966913058782117,0.2622316085885252,0.09973705016745285,0.24445824986192188
PAT_369_755_733_mask.png,0.18116201383917918,0.18205678835600095,0.0361135749765976,0.13791591453545124
PAT_369_756_130_mask.png,0.27187902187902185,0.1583011583011583,0.08789844350339261,0.18261148929297402
PAT_36_49_935_mask.png,0.26163391933815927,0.10789382971389176,0.04523164667129227,0.15059121065081893
PAT_36_50_14_mask.png,0.5663813912661839,0.20495940311608515,0.06863103680918377,0.30862968848405425
PAT_370_2558_175_mask.png,0.15884257385673817,0.05104208822339134,0.08229409958216785,0.10353788588436304
PAT_370_2558_573_mask.png,0.589926243459623,0.28638822493395394,0.152785121154618,0.3677225012104208
PAT_370_758_322_mask.png,0.25289877781259795,0.14749817194191997,0.0915716765730369,0.17288046567952622
PAT_372_760_267_mask.png,0.6555806694650738,0.4941934313191798,0.09736662619530587,0.4397002850403752
PAT_372_760_355_mask.png,0.7055569524767412,0.3327885340709077,0.06968008503569932,0.4029633667226786
PAT_373_2598_235_mask.png,0.3450008975049363,0.10429007359540478,0.05029691263101251,0.1843764548698997
PAT_373_2598_514_mask.png,0.679435681395121,0.1572450279220143,0.10641299316999707,0.35087167888565185
PAT_373_761_708_mask.png,0.26815276184232095,0.08687100475331913,0.06281474899112119,0.15216683086026048
PAT_374_762_794_mask.png,0.2908349197715529,0.04324177318466141,0.1337000698491937,0.1694165208187777
PAT_375_763_732_mask.png,0.32214175992977834,0.06034671933289445,0.029481167164174118,0.1558050699210319
PAT_375_763_980_mask.png,0.4478507164278574,0.13362212595801398,0.04077437504688863,0.23145923687261377
PAT_375_764_705_mask.png,0.4108367626886145,0.1310013717421125,0.03649904474322909,0.21458483002104828
PAT_377_1580_429_mask.png,0.8459119496855346,0.4837526205450734,0.018597448840059795,0.4890698006897538
PAT_377_1580_534_mask.png,0.2405653131240719,0.12140918633826617,0.06322703319735758,0.1516169911103159
PAT_377_768_643_mask.png,0.20336572647546813,0.2846646124674093,0.008733236104979558,0.16936564516190392
PAT_378_769_36_mask.png,0.2751758449133642,0.688282724309487,0.10231646770215481,0.34725009556883824
PAT_378_770_302_mask.png,0.3921939852909051,0.143304449137115,0.0697928283624723,0.22080677736623822
PAT_379_1531_17_mask.png,0.1577424023154848,0.14544138929088277,0.018197869704871836,0.1121887386249203
PAT_379_4405_969_mask.png,0.21683302141817426,0.08842794759825327,0.08724382646592928,0.13943474078652449
PAT_380_1540_432_mask.png,0.5351591413767579,0.25351591413767577,0.07999802801349962,0.3141178391960558
PAT_380_1540_525_mask.png,0.24504435017354415,0.15271885846509833,0.04388277410686306,0.15699822984100606
PAT_380_1540_959_mask.png,0.42465933776578235,0.03212428411559476,0.12755901027351205,0.21776872342304499
PAT_380_773_362_mask.png,0.3405322862129145,0.06442699243746364,0.17065622615464654,0.20673788006279883
PAT_380_774_185_mask.png,0.13049915397631134,0.2980118443316413,0.03707076490797448,0.15272444436240928
PAT_381_775_253_mask.png,0.10255767301905717,0.06594784353059177,0.012335373640713018,0.06450803435901431
PAT_381_775_566_mask.png,0.078319842485233,0.2343032159264931,0.011665350445339123,0.10511850690564287
PAT_382_776_986_mask.png,0.6639655609014941,0.0731830843251456,0.03925280702550357,0.2993169917657924
PAT_383_777_129_mask.png,0.14050884724112658,0.08281855303109623,0.020435086061651023,0.0871796306242748
PAT_383_779_429_mask.png,0.2398422090729783,0.07810650887573964,0.013664493742354825,0.12346818441461967
PAT_384_782_292_mask.png,0.15695067264573992,0.608263933376041,0.023533451307284,0.25231948446329344
PAT_385_783_22_mask.png,0.28488953891155416,0.12575,0.0723105382796798,0.1733739770485256
PAT_385_783_574_mask.png,0.19428322692977365,0.06906558328496808,0.017611414683102868,0.10371639016233075
PAT_386_1554_280_mask.png,0.2478531997546514,0.11873849928439992,0.04401979081159471,0.14796876693065894
PAT_386_1554_362_mask.png,0.7798847087378641,0.28080954101915434,0.1614243110904945,0.44462403912804027
PAT_386_1554_455_mask.png,0.2608439646712463,0.30057243505063846,0.09057683846763953,0.22168236792398194
PAT_386_784_470_mask.png,0.0845634225669252,0.2795846885163873,0.0465772246105203,0.13167394296484236
PAT_386_785_536_mask.png,0.2740740740740741,0.2518518518518518,0.026864446524958917,0.19324451914267285
PAT_387_1614_866_mask.png,0.14904942965779466,0.8737642585551331,0.01350313986709572,0.3257999913897865
PAT_387_786_213_mask.png,0.11211658244212011,0.07885768010341991,0.01605346963117091,0.07331997789722529
PAT_387_786_782_mask.png,0.132930822758903,0.25613999181334424,0.06535584864754142,0.14962108124182688
PAT_388_1589_976_mask.png,0.29406259748362273,0.28525201019807805,0.08875921812366708,0.22982840748997266
PAT_388_1590_169_mask.png,0.10418137601004158,0.18396485447556288,0.027518488995934773,0.10511755344546592
PAT_388_1590_328_mask.png,0.08536288950464246,0.059438180404354585,0.03709103664609084,0.06310392091699062
PAT_388_1592_576_mask.png,1.1557144985844137,0.2245852048767073,0.21254976588860494,0.5934262906633591
PAT_388_1592_850_mask.png,0.33441508267655695,0.6863727454909819,0.1496246851410834,0.3845652622602424
PAT_388_2452_548_mask.png,0.1594292508917955,0.01436385255648038,0.0598655093002017,0.08604050891372282
PAT_388_4500_103_mask.png,0.35177486408698433,0.05798955335252105,0.07274893351906377,0.1799314916962692
PAT_388_787_818_mask.png,0.21028169014084508,0.2670411028848609,0.08970718940031264,0.1911371637418901
PAT_389_2600_833_mask.png,0.1248921277207786,0.015198005561415285,0.05631049117958482,0.07140940011061148
PAT_38_1002_34_mask.png,0.3064353099730458,0.18985849056603774,0.06529463122702578,0.19912006052713735
PAT_38_1002_668_mask.png,0.3310654089995361,0.1229318076387815,0.033888722446787804,0.17947232262548526
PAT_38_1003_226_mask.png,0.32911051212938003,0.09123989218328842,0.023652365527896634,0.16611188216510753
PAT_38_1003_68_mask.png,0.3961728210494842,0.2629690536702048,0.04859120800385014,0.25193720692201016
PAT_38_53_198_mask.png,0.2525027808676307,0.4441442873033529,0.12898515427035034,0.2729399448191633
PAT_38_54_234_mask.png,0.258647936786655,0.29165935030728707,0.020099385302509504,0.19698679539760097
PAT_390_790_505_mask.png,0.4064609450337512,0.28302796528447444,0.015224298748121654,0.2520600572232793
PAT_392_792_22_mask.png,0.3429407209842554,0.18291318936591242,0.06281774043974356,0.21089556733539894
PAT_392_792_712_mask.png,0.24433306754755668,0.07916619204920834,0.034065534553219215,0.13170274499975096
PAT_393_793_852_mask.png,0.18195836545875096,0.08365458750963763,0.03937330940487844,0.1096917152578552
PAT_394_1562_579_mask.png,0.10454080887720835,0.2029493356694408,0.014503497516511577,0.10705217350666904
PAT_394_794_235_mask.png,0.3074331911071188,0.2301818998428026,0.03161681020849186,0.20151288945823587
PAT_395_795_43_mask.png,0.5712054660810151,0.36642264519277695,0.12287808724316382,0.37527240616318824
PAT_396_796_394_mask.png,0.2639505696080324,0.04498938018922572,0.0525004476910987,0.1348271762073103
PAT_397_797_638_mask.png,0.3304729464168741,0.1218393816323857,0.10156288831563162,0.19920985955115483
PAT_397_797_742_mask.png,0.20675431812322764,0.07192575406032482,0.13287156172434197,0.1441409219846911
PAT_397_798_482_mask.png,0.22158816133088308,0.14866041203211142,0.10908385681116617,0.1659585451853365
PAT_398_799_163_mask.png,0.9401899673493618,0.10848916592460671,0.08859796428465859,0.4352021260025244
PAT_39_55_233_mask.png,0.0849153651921818,0.2868231553352661,0.14111066346259496,0.16234629171623105
PAT_400_801_376_mask.png,0.22583841085847328,0.047159062763164415,0.06584102238019668,0.12423538988639765
PAT_401_4594_970_mask.png,0.4865502595563945,0.05242054366413114,0.07916812004309483,0.2340967029347256
PAT_402_803_739_mask.png,0.4992701913720402,0.18237106714239376,0.09875617958682817,0.2840462505675827
PAT_403_804_994_mask.png,0.31176246669204416,0.09154929577464789,0.02486008167225543,0.15962779991088866
PAT_404_805_575_mask.png,0.08584474885844749,0.13515981735159818,0.0032883090372834746,0.0758723374600435
PAT_406_1542_301_mask.png,0.23576351106274937,0.07072905331882481,0.01639028639796753,0.12044120634013745
PAT_406_1542_754_mask.png,0.06950672645739911,0.06427503736920777,0.019897872653256325,0.053054563589698865
PAT_406_808_560_mask.png,0.09612109744560075,0.14399243140964996,0.009080879840185936,0.08437043235319107
PAT_406_808_975_mask.png,0.05591435901972928,0.089356807927099,0.051907907642179354,0.06474515827867522
PAT_406_809_581_mask.png,0.47079910380881257,0.15653472740851382,0.06704630094394157,0.25539395002926163
PAT_407_810_390_mask.png,0.12016061368812178,0.026189620040752728,0.02675107158011767,0.06394645296150983
PAT_408_811_808_mask.png,0.12717311906501097,0.07428780131482834,0.023892369254824547,0.08032329879690026
PAT_409_2614_24_mask.png,0.0595048830342948,0.007358619123325006,0.021240494687434202,0.03238168735694568
PAT_409_2614_805_mask.png,0.3217349529888134,0.03534417678951342,0.15591750553235698,0.18607248589208647
PAT_409_812_974_mask.png,0.08659319365386944,0.258084049897057,0.06197141050577038,0.130653915582396
PAT_40_1026_312_mask.png,0.2764127764127764,0.25266175266175267,0.021991346147444517,0.1929610402078697
PAT_40_56_160_mask.png,0.11929946245881741,0.07456216403676089,0.01212750210686983,0.07372668482661619
PAT_40_56_499_mask.png,0.15517359917497422,0.17531797868683396,0.08338112561390484,0.13967917096021132
PAT_411_815_692_mask.png,0.33026735344616137,0.0832720137355899,0.06052327149695116,0.17524552694822684
PAT_412_817_232_mask.png,0.22611989459815546,0.19449934123847168,0.030938719584974763,0.1580793760862961
PAT_412_818_61_mask.png,0.2263036218854354,0.2531466735165682,0.0298128872476174,0.17540931698342987
PAT_413_819_268_mask.png,0.2590223097112861,0.1115485564304462,0.07902046530233452,0.16077963040434867
PAT_413_819_550_mask.png,0.1461293128443027,0.01903933507296801,0.07001729406890243,0.08516871388028222
PAT_414_822_420_mask.png,0.6580338836732491,0.11060753210316175,0.08253203674848036,0.32115542412479225
PAT_416_824_540_mask.png,0.11968329957650525,0.620511876265881,0.09780969338877094,0.2633697907269977
PAT_416_826_123_mask.png,0.40493728847302407,0.32828986661357756,0.06998073976153397,0.2814560973017431
PAT_417_3537_45_mask.png,0.08051529790660225,0.03025074764205199,0.05774399368848633,0.05860454156180239
PAT_417_828_723_mask.png,0.21331875893382662,0.12477928193054738,0.05081335915404518,0.13800529589890842
PAT_419_2767_323_mask.png,0.8039353478566409,0.42571700421367403,0.13229768990511284,0.4889785473782924
PAT_419_2768_910_mask.png,0.0004406062742333451,0.010001762425096934,0.005266602737470629,0.004756752058463607
PAT_419_832_706_mask.png,0.2666735070798276,0.3768725631028114,0.08123355032288809,0.24410123685964089
PAT_419_833_148_mask.png,0.37922926192031353,0.06721097322011757,0.21491204374682335,0.23632860985820772
PAT_41_57_2_mask.png,0.39425845192070413,0.07789750760878507,0.07144209191260191,0.20250526062469776
PAT_420_834_450_mask.png,0.2164980067463968,0.29040171726464276,0.025770616621135185,0.1814509028642921
PAT_420_834_948_mask.png,0.05666682579844369,0.0176636272497255,0.018032391836679117,0.033375536045298866
PAT_422_837_617_mask.png,0.44150844343337126,0.09973753280839895,0.06615249490607092,0.2263703856876895
PAT_422_837_683_mask.png,0.30847264634335697,0.05501785621862222,0.08786464805493026,0.16625380981940854
PAT_423_839_596_mask.png,0.649665479190199,0.24380919280563038,0.09658323940545654,0.36198392133940566
PAT_423_839_717_mask.png,0.3463074929820773,0.05285035629453682,0.07748766278617919,0.1776244029170457
PAT_425_841_644_mask.png,0.09802592561213251,0.07947132085063119,0.06984910869571867,0.08400649910875796
PAT_426_842_458_mask.png,0.23410192392421794,0.18034953737700102,0.02244478536784173,0.15447906639314002
PAT_428_845_189_mask.png,0.13633169360505973,0.08037596626844694,0.020861867862490432,0.0849040276813051
PAT_42_58_13_mask.png,0.16478952555258342,0.1024215120371674,0.04802009021519377,0.1110482908967417
PAT_430_847_315_mask.png,0.3249527973765279,0.1997416277452052,0.05149550758736912,0.20535225955038344
PAT_430_848_476_mask.png,0.14396269471177697,0.036610774878460164,0.06824961959996768,0.08904319622823914
PAT_430_848_550_mask.png,0.3383750780545341,0.16818150280996322,0.07661323036248135,0.208788451173547
PAT_431_850_472_mask.png,0.4343397599126955,0.560931247726446,0.020154650694921068,0.34806167349148837
PAT_432_851_386_mask.png,0.2629537267941258,0.10750900526461624,0.013511520810082587,0.14148764854005996
PAT_432_851_560_mask.png,0.21948051948051947,0.3220779220779221,0.012851711950538995,0.18827109800074612
PAT_433_2650_417_mask.png,0.2526894573272771,0.2529285202008128,0.0258371167653486,0.1847054740207593
PAT_433_852_20_mask.png,0.406361686919228,0.3538241601143674,0.017871745427190604,0.2740534464301586
PAT_435_854_68_mask.png,0.40325670498084293,0.24603174603174602,0.09273723499354886,0.26293337629992564
PAT_437_857_425_mask.png,0.18503754519328822,0.31649207379252803,0.03009614608281399,0.1779914840399179
PAT_439_2887_834_mask.png,0.44431029278599454,0.056444310292785994,0.021409732195268892,0.2010803298608143
PAT_439_859_283_mask.png,0.3932257595580753,0.20686146242186365,0.042136049288257954,0.2319895573362666
PAT_439_859_84_mask.png,0.41536816376413077,0.2057212416311625,0.08998891069448661,0.25486031120334707
PAT_43_1017_483_mask.png,0.5037404456009107,0.19637339404781265,0.0866864572742389,0.28641413363697976
PAT_43_61_210_mask.png,0.24413947775938485,0.09318096865488332,0.07253887868754014,0.14737174530648095
PAT_441_2868_663_mask.png,0.35923076923076924,0.20692307692307693,0.118706521941045,0.2413811873515443
PAT_441_861_415_mask.png,0.30632842334969995,0.2752318603382433,0.03790227905055974,0.21647161115652092
PAT_441_861_542_mask.png,0.313370265009732,0.08788740829465488,0.02977753833109664,0.16064758999161824
PAT_442_863_795_mask.png,0.2353169469598965,0.10530401034928849,0.039483620440826143,0.137563068020993
PAT_443_864_894_mask.png,0.1879046700647472,0.17509298801487808,0.017826408354692385,0.13303768693677004
PAT_445_871_524_mask.png,1.216382315171528,0.16859291873050816,0.1945282849093773,0.5954892871605768
PAT_447_873_329_mask.png,0.33864810240287446,0.4278014821468673,0.010335024702375656,0.26690019301592266
PAT_448_875_81_mask.png,0.6523392296247313,0.1444866920152091,0.11976052508088868,0.3402098569787219
PAT_44_63_151_mask.png,0.2275262679984434,0.1607212349202231,0.07048928403121213,0.16037366288480792
PAT_451_878_634_mask.png,0.6351865447507175,0.25428819328572383,0.14349020831649686,0.3734081383809532
PAT_451_878_890_mask.png,0.6754719689900223,0.2051815702597962,0.10390900679866978,0.3629159607135487
PAT_452_882_896_mask.png,0.3754657494984236,0.12305340594248591,0.06270894796820194,0.2059150059725758
PAT_453_883_719_mask.png,0.2907422464862353,0.030723661284702056,0.07199051941143594,0.14711115280333553
PAT_455_885_115_mask.png,0.1064433999216608,0.03099294947121034,0.036475173639185496,0.06281779690178307
PAT_456_887_499_mask.png,0.7839847068819031,0.1937128292268479,0.05856121349341961,0.3892760955688415
PAT_456_888_961_mask.png,0.1924834193072955,0.576271186440678,0.03155343208134515,0.25934075327952516
PAT_457_889_346_mask.png,0.06569401902305336,0.11953893277446397,0.043604187081682774,0.07522054356606538
PAT_457_890_255_mask.png,0.32719017094017094,0.1476139601139601,0.05261337358726638,0.1909442684864363
PAT_458_891_709_mask.png,0.24914182475158084,0.11237579042457091,0.07698097575380006,0.15646375975414364
PAT_459_892_804_mask.png,0.09907707657770018,0.05402843601895735,0.028567343625035577,0.06440956452427796
PAT_45_65_551_mask.png,0.36996699669967,0.19240924092409242,0.06383431071430687,0.22485986417138779
PAT_45_66_822_mask.png,0.6747292418772564,0.2660649819494585,0.0844868256655859,0.3750572390354159
PAT_460_893_307_mask.png,0.22204025569232394,0.08447355908922817,0.060801444865205084,0.13239860346325955
PAT_460_893_883_mask.png,0.552157759359817,0.21813375250071448,0.09618115323631428,0.3151575754650354
PAT_460_894_242_mask.png,0.1391692448141198,0.04579804229852412,0.05934731072455029,0.08721130383257025
PAT_460_894_401_mask.png,0.0,0.007532707810228624,0.005100983289161121,0.003790107329816924
PAT_460_894_429_mask.png,0.1212652945082045,0.02200512188181732,0.04238719900111249,0.06782381406816074
PAT_461_895_72_mask.png,0.23659627914278986,0.15056126854541171,0.157189246208704,0.18696366608335066
PAT_462_896_893_mask.png,0.6155679110405083,0.3932684670373312,0.1507705248974713,0.4094388619966441
PAT_463_897_440_mask.png,0.3555240793201133,0.07782036327278787,0.04614931718994488,0.17940053586686516
PAT_464_1794_271_mask.png,0.6030263726761781,0.23441418071768266,0.12729930345294918,0.3497245943216608
PAT_464_1794_78_mask.png,0.2443851768669287,0.07734418865805727,0.024336432690418384,0.12825825715131417
PAT_464_899_646_mask.png,0.08664799253034547,0.039962651727357607,0.02571906989056312,0.054363713497514406
PAT_464_900_548_mask.png,0.15839195979899498,0.12974874371859296,0.0342046147487848,0.11254279145981132
PAT_465_901_106_mask.png,0.17060835936337945,0.16406366205562992,0.01910477528783239,0.12319387494839047
PAT_465_901_627_mask.png,0.276228559402294,0.09333894559612754,0.037089287411821256,0.14961989366330225
PAT_466_903_893_mask.png,0.34473023839397743,0.1309598494353827,0.02569469787585361,0.18488845955096186
PAT_467_904_235_mask.png,0.49310872894333846,0.1662412795644036,0.04416142263525498,0.26036430223723295
PAT_467_904_535_mask.png,0.26552441319203723,0.1902545310488264,0.06774440470247961,0.1836094460022067
PAT_468_4775_268_mask.png,0.5218303946263644,0.6945843828715366,0.052616864740926056,0.4328925321342846
PAT_468_905_765_mask.png,0.1456529269137513,0.17284378247315552,0.026650826626745883,0.11810955349547095
PAT_46_879_225_mask.png,0.5232970372246138,0.33603443909850594,0.06980935875578884,0.331071954246134
PAT_46_879_386_mask.png,0.3074675917473069,0.2835493883512872,0.02847371620161552,0.21659396806479356
PAT_46_880_140_mask.png,0.23549295774647888,0.2947887323943662,0.05687775142535467,0.19969712824450783
PAT_46_880_308_mask.png,0.1919226786330687,0.07801173627890921,0.012687912685595321,0.10397896614257883
PAT_46_881_14_mask.png,0.3418106727529616,0.21062927942614934,0.0499198439018367,0.21488900609958045
PAT_46_881_939_mask.png,0.40714125308780597,0.09843551164009282,0.07637800819573329,0.21530055718587024
PAT_470_908_103_mask.png,0.7833272126331252,0.217040029379361,0.11491585241847027,0.4129176495925995
PAT_471_909_344_mask.png,0.203186117630325,0.04324016784012517,0.10691915816240194,0.12632224485288815
PAT_471_909_353_mask.png,0.37927461139896373,0.06440548780487805,0.04263679338833975,0.18382252891755083
PAT_471_909_394_mask.png,0.2214078899746652,0.05781758957654723,0.03584713707377548,0.1166625739849629
PAT_472_910_453_mask.png,0.21883577310155536,0.07050548947849954,0.11269472353531546,0.14249437314476665
PAT_473_911_610_mask.png,0.38641355506746156,0.27643551929714466,0.11296136947640621,0.2713844886590499
PAT_473_911_630_mask.png,0.4835164835164835,0.17810238541945858,0.049654221537279795,0.2617335754936149
PAT_474_912_879_mask.png,0.30120366832250667,0.03515475735575086,0.05083465354841302,0.14627829060025183
PAT_475_913_874_mask.png,0.23258913695434855,0.28023992002665776,0.039747851061908306,0.18903198610830924
PAT_477_915_389_mask.png,0.12467301163243724,0.06472978237880558,0.01888106106585597,0.07495245768637336
PAT_478_1829_141_mask.png,0.39745724231875285,0.31814741940366276,0.05744705667281631,0.27166123975044487
PAT_478_1829_281_mask.png,0.5841206395348837,0.4881904069767442,0.0794216825816509,0.403931882681472
PAT_478_916_806_mask.png,0.33853809196980095,0.1551990391214825,0.11949731618229265,0.21782414337905293
PAT_478_916_979_mask.png,0.32031010915026015,0.20044884219116596,0.10982556943755516,0.22120636714872038
PAT_479_917_41_mask.png,0.33770062233868325,0.1158696364231903,0.07390333433103317,0.19201214016174034
PAT_479_917_598_mask.png,0.1329682365826944,0.03335158817086528,0.02021293890510378,0.06925665275586848
PAT_479_919_97_mask.png,0.5502086913822735,0.44095261478026027,0.08655717930298706,0.3783364147778836
PAT_480_921_1_mask.png,0.12671858475146622,0.08951062397846361,0.05733376844176603,0.09474075162665538
PAT_481_923_186_mask.png,0.2731047888319491,0.1485244742887436,0.055740096527853895,0.1705212867777589
PAT_482_2928_201_mask.png,0.18723404255319148,0.08091553836234687,0.053158271283651234,0.11511575991507604
PAT_482_924_134_mask.png,0.14383288747225226,0.09721668848540042,0.020506024379247666,0.09284996884829533
PAT_483_925_716_mask.png,0.6546807191568506,0.373093614383137,0.10285786011092637,0.4046577300109593
PAT_485_928_796_mask.png,0.9452687358062074,0.025965177895533688,0.18442261742499763,0.44122383291864237
PAT_486_929_274_mask.png,0.5077165354330708,0.21385826771653543,0.0809765930220659,0.29153707239480875
PAT_486_929_317_mask.png,0.6818235782975187,0.1444853377656417,0.0781638626706742,0.33952419144990226
PAT_487_930_973_mask.png,0.13360805135113718,0.12512877407084555,0.04651507744699827,0.10493637599580802
PAT_488_931_321_mask.png,0.0,0.007532707810228624,0.005100983289161121,0.003790107329816924
PAT_489_932_138_mask.png,0.34726266744321493,0.13963308095515434,0.036995799861085914,0.19189373122215805
PAT_48_74_309_mask.png,0.1399343268502147,0.37256883051275574,0.07351330396035104,0.1897983710820179
PAT_490_933_17_mask.png,0.4384638645297853,0.9364983368612035,0.05088014304543445,0.47159908978390547
PAT_490_933_352_mask.png,0.6309859154929578,0.43927091963545983,0.060584299807368,0.40235093203003147
PAT_491_934_46_mask.png,0.08317538187088862,0.14683911249860632,0.02368552035610562,0.08442754260476902
PAT_492_1782_752_mask.png,0.49992489109208355,0.18957488358119273,0.03629572637834408,0.26773113942469445
PAT_492_1784_50_mask.png,0.7863816715730193,0.23025726353513376,0.08079975290511227,0.4078697735612815
PAT_492_4723_890_mask.png,0.5152287669394875,0.5201932107876023,0.153497901786898,0.4081988405481451
PAT_492_937_126_mask.png,0.18491988689915173,0.27163053722902925,0.09414880143662459,0.18370175635935684
PAT_492_937_43_mask.png,0.06804860614724803,0.0340719561591613,0.016726754403197597,0.042459055627606886
PAT_492_937_958_mask.png,0.2063994667111074,0.08799266727772685,0.0335594328434532,0.11902541672079699
PAT_493_1862_360_mask.png,0.1564329680228194,0.03164683531646836,0.014949506041443579,0.07655208961650134
PAT_493_3016_512_mask.png,0.22479075328816261,0.6341171781586289,0.044486468647432394,0.2934973953570834
PAT_494_939_518_mask.png,0.11293453326274926,0.08628904182106935,0.019843803461977557,0.07701366689001377
PAT_495_941_26_mask.png,0.2105580434033758,0.2512056493282811,0.08197710158675457,0.18417804263586104
PAT_497_943_580_mask.png,0.08508691674290943,0.04899867845887974,0.024575057442536345,0.056106887467588594
PAT_498_944_488_mask.png,0.14217420997082014,0.08536661079033961,0.029503537390980668,0.09133072844272415
PAT_499_945_878_mask.png,0.41466826538768986,0.19584332533972823,0.04687246224402701,0.2386820424302025
PAT_49_75_326_mask.png,0.39323314313268504,0.12432693080446837,0.10951732886964598,0.22744653515530833
PAT_500_947_77_mask.png,0.21813570069752694,0.34051997463538364,0.01495223041097795,0.19389594179291922
PAT_503_949_409_mask.png,0.2423469387755102,0.10127551020408163,0.015794464084054605,0.13205976779664494
PAT_503_950_368_mask.png,0.5299746692935547,0.18477343090346185,0.04542637207093897,0.28104980860974216
PAT_503_950_552_mask.png,0.17822461473506437,0.11805995355710365,0.049749058114557536,0.12163254939552409
PAT_504_953_569_mask.png,0.28476671013095983,0.11752366914224162,0.11198893648500603,0.18276046574055824
PAT_505_3200_856_mask.png,0.2604166666666667,0.10737179487179487,0.021156319344668665,0.14272510093160573
PAT_505_951_710_mask.png,0.1327084361124815,0.4785397138628515,0.03617654420776765,0.20749825186617835
PAT_506_957_377_mask.png,0.32542095416276895,0.17171421889616464,0.1056400431291073,0.21337466027268917
PAT_507_954_812_mask.png,0.7134328358208956,0.1021209740769835,0.0692327374743079,0.3367792477937457
PAT_50_76_296_mask.png,0.39050131926121373,0.3559975644408362,0.051599320477200984,0.2784795931798967
PAT_50_76_728_mask.png,0.43535120421326706,0.16823480679330138,0.13009473671789262,0.263639344738665
PAT_510_959_174_mask.png,0.283495145631068,0.40427184466019417,0.021268372517347697,0.24106012340568977
PAT_510_959_985_mask.png,0.35560552521683264,0.4008994539029875,0.01710807555750008,0.2676444689248793
PAT_512_962_998_mask.png,0.4128747323340471,0.1976713062098501,0.03451653566853085,0.2348062454971331
PAT_513_964_343_mask.png,0.1718555417185554,0.06755915317559154,0.007217149168756975,0.09117510739072673
PAT_513_964_447_mask.png,0.20930899359648283,0.13858358023511422,0.04186837642399958,0.13785918443632728
PAT_513_965_496_mask.png,0.36184678630721795,0.08854454897620365,0.08562484562375286,0.19698953290287416
PAT_514_967_300_mask.png,0.3072893545236616,0.13744117908194975,0.06508886361707385,0.1836747546191717
PAT_514_967_908_mask.png,0.341103805538952,0.06986783555821213,0.08645776316875853,0.18333920183367197
PAT_514_968_269_mask.png,0.2702845657463239,0.4692877150860344,0.13986954157625056,0.29086100329721504
PAT_514_969_187_mask.png,0.37972702773189604,0.06902547161610015,0.03405840313351057,0.18281597351764164
PAT_514_969_995_mask.png,0.10541341824969803,0.1717360272317997,0.04055248274060933,0.10585192029160193
PAT_516_966_57_mask.png,0.3752620545073375,0.39937106918238996,0.010954749685906129,0.27320256746342386
PAT_517_971_88_mask.png,0.11309690030717677,0.008237922368053617,0.04254658312519621,0.060474111770845655
PAT_517_972_845_mask.png,0.05626824736795541,0.3158453507918252,0.10404132591118727,0.1484733019580859
PAT_519_979_104_mask.png,0.33221147962305714,0.16466772732835638,0.09090802226884016,0.2095573167283818
PAT_51_78_959_mask.png,0.549780087964814,0.3562574970011995,0.07915096721361145,0.3505345744503689
PAT_520_983_221_mask.png,0.4298679867986799,0.2119430693069307,0.06776310852551022,0.25585904806920423
PAT_520_983_932_mask.png,0.09433962264150944,0.022307389937106917,0.031452181436037445,0.05386372046854709
PAT_521_984_412_mask.png,0.1746431570109152,0.05961376994122586,0.0060608763118789625,0.08955965668029753
PAT_522_3168_747_mask.png,0.09684479299653474,0.8433339412730257,0.1322023006290438,0.33139878976923476
PAT_522_3174_761_mask.png,0.130064369556986,0.07960999621355547,0.043339229572325076,0.08891051555855856
PAT_522_985_991_mask.png,0.28833922261484096,0.34558303886925795,0.012714342303734657,0.22282490339783417
PAT_522_986_305_mask.png,0.1111111111111111,0.08180965775902485,0.017153821834556795,0.07413348832251894
PAT_522_986_800_mask.png,0.052643865997432,0.09326485350764561,0.026331290344519358,0.056936389554622296
PAT_523_988_851_mask.png,0.15676386757290067,0.22078491558868668,0.02925235212972132,0.13771672734468265
PAT_523_988_900_mask.png,0.04095517008335211,0.010858301419238566,0.020158339896683985,0.02568706042811761
PAT_524_987_738_mask.png,0.20446576859199114,0.07750507473703636,0.020554441127241127,0.1112041621960797
PAT_526_3205_611_mask.png,0.260453457901333,0.055827731571151874,0.04177618633161989,0.13346255853136474
PAT_526_991_109_mask.png,0.5256206088992974,0.04674473067915691,0.08184451095053558,0.24882501604862672
PAT_527_1359_165_mask.png,0.20955067499496272,0.08321579689703808,0.03946843873649287,0.12062554068804437
PAT_527_1360_225_mask.png,0.07642393655371305,0.11346431146359048,0.027851147239949466,0.0729642122325472
PAT_528_3072_615_mask.png,0.0966690290574061,0.00798488069926766,0.022067349489902664,0.04768328067971354
PAT_528_992_124_mask.png,0.21174024945555336,0.0837457929122946,0.02653636089710255,0.1177807459250405
PAT_528_993_589_mask.png,0.05069778082818577,0.008098833218943034,0.014095051355085368,0.02693727770348283
PAT_529_994_419_mask.png,0.2805090104331331,0.03311729370850459,0.0535563858833162,0.1382057080507995
PAT_530_999_696_mask.png,0.5237993596584846,0.16350053361792957,0.04363744947600142,0.27166113879157316
PAT_531_1004_189_mask.png,0.2131401965856182,0.05500948439386101,0.022879408924328017,0.10862274662970399
PAT_531_1004_792_mask.png,0.12863861700775392,0.022626159908478456,0.015954355902884625,0.0630296015465105
PAT_531_3079_652_mask.png,0.14511664689600634,0.17912218268090155,0.01392805765590833,0.1159617308594455
PAT_532_3216_633_mask.png,0.1493421505820762,0.11145553489012881,0.03735944551127479,0.10438135435325155
PAT_535_1010_303_mask.png,0.04627961756962727,0.08604683386448662,0.020120287671856724,0.05036198348875392
PAT_535_1011_567_mask.png,0.411930483795209,0.07233442930953499,0.08580553023669976,0.21221418138195403
PAT_535_1012_145_mask.png,0.5869345463735153,0.14126863785696234,0.06372267196530919,0.2962712114960876
PAT_536_3227_442_mask.png,0.22335766423357664,0.7883211678832117,0.017583430335805585,0.33111444515913585
PAT_537_1014_452_mask.png,0.0922882427307206,0.33723135271807836,0.014901264324566251,0.14255508220508162
PAT_537_1014_961_mask.png,0.23836850549179317,0.13606071825249907,0.1330425306835601,0.17607837687753503
PAT_539_1023_878_mask.png,0.4386422976501306,0.5988903394255874,0.030645235359726197,0.3643175914956463
PAT_539_1023_928_mask.png,0.18122634367903104,0.11491294473883422,0.020246417431169457,0.11303834612261353
PAT_53_1144_892_mask.png,0.4820803218836152,0.17554578645406452,0.08270677622160305,0.27030789755614637
PAT_53_1370_245_mask.png,0.38649489115948465,0.4486894713460684,0.02833461379934486,0.29770518200741786
PAT_53_1370_288_mask.png,0.2098323210299538,0.054300991538182006,0.06786351173280705,0.12058227939327824
PAT_53_81_522_mask.png,0.09687282835302294,0.025619643270789902,0.035640268484543144,0.057127104867809086
PAT_53_82_657_mask.png,0.14989655820951664,0.05397780703404175,0.01916790903095087,0.08190233810330445
PAT_53_82_940_mask.png,0.20086223789927493,0.1620615324319028,0.019341179040871,0.1347657086015421
PAT_540_1016_644_mask.png,0.0008814067251333127,0.013926226257106341,0.00510109184296606,0.006060758120075045
PAT_541_3303_228_mask.png,0.7270955165692008,0.4337634017808468,0.058425379738995434,0.43849484108363296
PAT_544_1028_226_mask.png,0.3778501628664495,0.34750557174695695,0.04700983307052254,0.26949468659182363
PAT_544_3299_671_mask.png,0.3073910915320607,0.06461086637298091,0.01846867632193162,0.14788029942129804
PAT_545_1029_650_mask.png,0.49703912241529946,0.25026696437239104,0.08621801496312474,0.2997611427667745
PAT_545_1030_854_mask.png,0.40740134272146716,0.14475192402161455,0.04189568706686548,0.2189548204151309
PAT_545_1031_428_mask.png,0.5793118372646613,0.06989829041333044,0.0374463471015954,0.26392812616034234
PAT_547_1033_445_mask.png,0.42064139941690964,0.44,0.11468313272518058,0.33466149958431807
PAT_547_1033_911_mask.png,0.1276061776061776,0.2698841698841699,0.03823496777007149,0.14347821233874347
PAT_549_1043_36_mask.png,0.544175136825645,0.07851185822256972,0.11317469279048803,0.27517602003417535
PAT_549_1043_676_mask.png,0.33091077779495903,0.2896242461728777,0.08481191921160779,0.24469516073332925
PAT_54_83_405_mask.png,1.1549141395688711,0.5057279236276849,0.09253257669277963,0.6414438059236878
PAT_550_1045_81_mask.png,0.08699615150901358,0.12598744176625482,0.02599561174103187,0.08039337665579144
PAT_553_1049_461_mask.png,0.004857369954958933,0.004592422502870264,0.006453860040827617,0.005256832745092937
PAT_554_1051_301_mask.png,0.049175068744271314,0.013519706691109074,0.011232008241118434,0.02709554197737678
PAT_557_1058_309_mask.png,0.16882666049525571,0.13827817634806758,0.06962113576409963,0.12990045783175247
PAT_558_1072_486_mask.png,0.0779639175257732,0.17590206185567012,0.007490140873819474,0.08620322782915615
PAT_559_1093_774_mask.png,0.2366059715590072,0.08469328855538648,0.08130362261039992,0.1444414619733388
PAT_55_84_506_mask.png,0.17942894224529526,0.10788449059052563,0.022076048631203816,0.11075973866463695
PAT_55_85_884_mask.png,0.2602683348423739,0.19269075644085934,0.07858331479479996,0.18548955530764735
PAT_561_1068_557_mask.png,0.20702834695827582,0.08190890752733836,0.05506467962786036,0.12390341492986995
PAT_561_1068_909_mask.png,0.3235659481183778,0.11194738765071247,0.08569259152832452,0.18871837300106223
PAT_561_1069_418_mask.png,0.2420731707317073,0.10640243902439024,0.017510963294998034,0.13400328898849942
PAT_562_1110_360_mask.png,0.16362970423953851,0.1895430821353356,0.03301631543094062,0.13221970096569827
PAT_563_1070_63_mask.png,0.5171524885980567,0.3985722784057109,0.06624101582013264,0.34630498370697577
PAT_564_1079_31_mask.png,0.0990261966808394,0.07433822520916199,0.017541161560877056,0.06717429470334747
PAT_564_1079_430_mask.png,0.6291066685306864,0.04907032014539354,0.06573008039585193,0.2860827875746482
PAT_565_1073_749_mask.png,0.7814790139906729,0.2695980457472796,0.1025276861480631,0.424229325164872
PAT_566_178_625_mask.png,0.17914893617021277,0.40425531914893614,0.016088322485148167,0.19776266695831038
PAT_566_179_23_mask.png,0.0948905109489051,0.05942354482500468,0.04694523155741845,0.06986683729428897
PAT_567_1076_545_mask.png,0.215055387713998,0.07395660272869153,0.0889476779235481,0.1348934392812711
PAT_567_1077_64_mask.png,0.34627270671591165,0.16311147961106504,0.11079570563218681,0.22068123825934022
PAT_567_1078_978_mask.png,0.16285836542575952,0.09841677364142062,0.033423309626912166,0.10469537115080364
PAT_568_1066_235_mask.png,0.12092078537576167,0.11692620176032498,0.037158479656814764,0.0945937185754466
PAT_56_86_479_mask.png,0.24375450396348786,0.11614220514052366,0.06073467815104092,0.15056486657286453
PAT_56_86_802_mask.png,0.25468615649183146,0.1469188879335053,0.06475704566121661,0.16537724267514914
PAT_56_88_274_mask.png,0.3235538169748696,0.15303461356092934,0.0686636359345259,0.19593100163858443
PAT_570_1084_637_mask.png,0.04405246081433076,0.01169857880546543,0.02850495692285575,0.02968204504422866
PAT_570_1085_344_mask.png,0.0634781404367296,0.026037579059138543,0.03450982002732868,0.04355547590063201
PAT_570_1085_429_mask.png,0.21341023792357605,0.09556269253457429,0.05356901503505068,0.1301036074403179
PAT_571_1096_10_mask.png,0.08432036097010716,0.14083474337281443,0.026926007097703444,0.08405636952919822
PAT_571_1097_652_mask.png,0.5937075599818923,0.5338388411045722,0.09121171791109593,0.42499819169745734
PAT_572_1086_130_mask.png,0.36347358997314233,0.15592360489406148,0.09462632090655872,0.22055441372944298
PAT_573_1090_164_mask.png,0.08978930307941653,0.22188006482982173,0.031937195213251994,0.11206089924468873
PAT_573_1090_660_mask.png,0.4910122989593188,0.1076158940397351,0.09343579521655249,0.2567204263606138
PAT_574_1081_628_mask.png,0.6732323232323232,0.15404040404040403,0.01752003115858886,0.32076105985262715
PAT_575_1087_29_mask.png,0.39869281045751637,0.3575418994413408,0.006392076700694263,0.268657317025617
PAT_575_1088_134_mask.png,0.16095010192324735,0.16360896924576798,0.0525040692759295,0.12921395232580818
PAT_576_1089_435_mask.png,0.4189305364511692,0.09112792297111416,0.06541773558491525,0.2145359121472765
PAT_577_1107_61_mask.png,0.33612331151073177,0.23319797795641004,0.06212074296513359,0.2230449408807558
PAT_579_1099_551_mask.png,0.1382198952879581,0.11116928446771379,0.06316772423839738,0.1075890607270166
PAT_579_1099_837_mask.png,0.1515977210800099,0.12286351250928908,0.0563896339098285,0.11441503235773924
PAT_579_1100_988_mask.png,0.9044196211753278,0.09091792132102963,0.1342987539720301,0.4293328510580491
PAT_57_90_910_mask.png,0.5064993276557598,0.45024652622142536,0.06287790883150692,0.3565370615781836
PAT_580_1104_684_mask.png,0.09447983014861996,0.09147204529370134,0.011533694278927968,0.06869365393123678
PAT_581_1114_116_mask.png,0.48540194640714573,0.1291161178509532,0.1454014174510684,0.2765160391534648
PAT_582_1363_358_mask.png,0.21678226574187406,0.24670202638378894,0.06067453153491279,0.17892587367236013
PAT_583_1112_886_mask.png,0.3088923556942278,0.1060842433697348,0.013614418497443546,0.15946654083784464
PAT_585_1130_474_mask.png,0.06920022688598979,0.026091888825865002,0.005460991493642583,0.03714595485024819
PAT_585_1130_552_mask.png,0.2753974261922786,0.21998485995457986,0.042387287806772506,0.18887061480531714
PAT_58_91_143_mask.png,0.24267453294001967,0.06155358898721731,0.020060920300375994,0.12155416596228587
PAT_58_91_845_mask.png,0.21753014011078528,0.06686217008797654,0.05356594787482692,0.12314049143315514
PAT_59_46_537_mask.png,0.18442874692874692,0.0945945945945946,0.06035585804092604,0.12025663456215496
PAT_59_93_342_mask.png,0.11265769992701491,0.028047127515379,0.032681786808408525,0.06328175426794222
PAT_59_93_573_mask.png,0.2446660775154652,0.2511046585027143,0.058170595646085635,0.19064900725082606
PAT_59_94_849_mask.png,0.5557866112133089,0.15020395105174758,0.09769993860403613,0.2966858113820587
PAT_61_299_74_mask.png,0.3172494627857003,0.10724750927915609,0.023153891412025514,0.1660202053216346
PAT_62_97_868_mask.png,0.11300896132796055,0.020147952126060024,0.02292697879653596,0.05812606380796302
PAT_63_1075_331_mask.png,0.22244001351808043,0.06333220682663061,0.056685973204114636,0.12498145941645575
PAT_63_1075_498_mask.png,0.406198347107438,0.09576446280991735,0.050079950937023526,0.2062326629670575
PAT_63_98_127_mask.png,0.4428405347800814,0.07692307692307693,0.08392575203211601,0.22539086259859045
PAT_63_98_187_mask.png,0.20162342368459196,0.08899840556602406,0.035181219065455085,0.11790325686328053
PAT_63_99_189_mask.png,0.2107493309545049,0.09701159678858162,0.015594791975094092,0.11808164901090468
PAT_63_99_736_mask.png,0.1453179500939093,0.056989535819694126,0.043553159044512506,0.0882899884968257
PAT_65_101_847_mask.png,0.4484848484848485,0.24696969696969698,0.049499588464878154,0.268334725024312
PAT_67_104_695_mask.png,0.23663714925850848,0.10636935879654326,0.03599585253568289,0.13736442310307123
PAT_67_104_730_mask.png,0.31498219665844973,0.09237195288961929,0.1556438787617766,0.2003976281587987
PAT_68_105_871_mask.png,0.34055815271284884,0.04944043065590027,0.037414586079254346,0.16227976610568592
PAT_69_1053_332_mask.png,0.17740974621708566,0.07947098772786847,0.021320485805620418,0.10120134054688093
PAT_70_107_155_mask.png,0.13597655385976554,0.10506525105065251,0.07645629185583364,0.10884708441585207
PAT_70_107_591_mask.png,0.32598843569307706,0.3125488357555868,0.05512675363268778,0.2406980510937132
PAT_71_108_56_mask.png,0.3354213273676361,0.15197613721103653,0.06494048982715733,0.19924351905851262
PAT_71_108_617_mask.png,0.19337016574585636,0.18439226519337015,0.03173162006512303,0.1421852318758905
PAT_71_145_971_mask.png,0.20681920143562135,0.12187827127261851,0.07769741536524721,0.14260038656560825
PAT_72_110_647_mask.png,0.2739652150465148,0.06956990697047323,0.08204462036428878,0.15507044421903451
PAT_72_110_944_mask.png,0.3207296849087894,0.43482587064676614,0.030729397067575943,0.2679584542778184
PAT_73_111_435_mask.png,0.16135458167330677,0.04219021350495454,0.04325323246025223,0.09017486645888476
PAT_73_111_609_mask.png,0.19357277882797733,0.03915743991358358,0.02611550030090852,0.09701099359553855
PAT_74_112_729_mask.png,0.13800787728026534,0.0607379767827529,0.055303699037225575,0.09001565365809969
PAT_75_113_165_mask.png,0.22879045120131708,0.030148685496733035,0.03272508969019564,0.11037831303660545
PAT_75_113_647_mask.png,0.198981926332647,0.1192518874399451,0.027099803751732356,0.12349827789056203
PAT_75_114_73_mask.png,0.09106317411402157,0.1458397534668721,0.0610188568472797,0.09848285273985416
PAT_76_1039_269_mask.png,0.7907116104868914,0.14232209737827714,0.16149499214315655,0.4074297710511867
PAT_78_118_164_mask.png,0.10996433179024057,0.10283068983835471,0.06328404481650478,0.09382015311255408
PAT_78_118_685_mask.png,0.05352591333899745,0.02751454153323312,0.011130889526510122,0.033003994653521954
PAT_79_120_532_mask.png,0.26474759678520776,0.12102747281609497,0.04815732339650644,0.15665447757786355
PAT_79_120_739_mask.png,0.4959655728886498,0.2892235969159046,0.04226239381557711,0.29783202637490447
PAT_81_123_52_mask.png,0.15031178208073515,0.0672792911060059,0.026647286550293723,0.08830268612918396
PAT_82_125_365_mask.png,0.10876192349296883,0.1370832923591307,0.04046759669657014,0.09677003611389778
PAT_82_125_525_mask.png,0.07644179827438317,0.04132398203743882,0.04247225214427952,0.05571558956426877
PAT_82_125_907_mask.png,0.31324642885020687,0.1369135898836937,0.055385285310453836,0.182988234098327
PAT_83_126_513_mask.png,0.141130405175349,0.1372148450800136,0.02763209190710483,0.10590624316627513
PAT_83_126_820_mask.png,0.15407653910149752,0.5222961730449251,0.016497796670693444,0.22326880655528458
PAT_84_128_233_mask.png,0.4245946772713368,0.527684307127562,0.03525786012501862,0.33872052108430895
PAT_85_129_225_mask.png,0.36283185840707965,0.512291052114061,0.005440626614672907,0.300452246981452
PAT_85_129_896_mask.png,0.2810589489034719,0.06719389758259016,0.06180737865247885,0.15112396243190945
PAT_85_129_980_mask.png,0.5607565011820331,0.17304964539007092,0.017159692161004714,0.28136540173813596
PAT_86_1082_220_mask.png,0.6579322130447166,0.44483901515151514,0.06307180682755865,0.4155461318116088
PAT_86_1082_41_mask.png,0.1467812197483059,0.04695062923523717,0.03947425398729676,0.08463995286608254
PAT_86_1109_164_mask.png,0.4841381152741602,0.11140052093768783,0.10880016424528842,0.25971545166455695
PAT_86_1109_306_mask.png,0.4294961289503744,0.2991496382789694,0.08266724861016087,0.28634351764688887
PAT_86_131_107_mask.png,0.11201353637901862,0.06920473773265652,0.049902344022499004,0.08053753907815411
PAT_87_133_159_mask.png,0.04493574188909859,0.020535634043318055,0.0178146915780944,0.029479394442063173
PAT_87_133_391_mask.png,0.47874015748031495,0.6490954460386775,0.07209088116662393,0.4078519611537164
PAT_87_133_810_mask.png,1.140273704789834,0.5991669336751041,0.07081385917975251,0.6571037197723906
PAT_89_135_11_mask.png,0.10711467953775468,0.020513296514595998,0.03540614688026868,0.05962170483356127
PAT_8_15_820_mask.png,0.28791565287915655,0.08434712084347121,0.040990411333757304,0.1527675208048312
PAT_90_138_369_mask.png,0.07640449438202247,0.028963795255930087,0.008998893772304563,0.041950604461279385
PAT_90_138_605_mask.png,0.20036335323124838,0.09499091616921879,0.05567532634726613,0.1253452140474448
PAT_90_139_57_mask.png,0.10956893100226879,0.1017616442012545,0.06434245093097117,0.09365880094057522
PAT_91_140_664_mask.png,0.24622437971952535,0.17365979937439327,0.04110431529687417,0.16291898628919038
PAT_91_356_273_mask.png,0.05234608082451858,0.007910677153964379,0.01838116880513855,0.028825986117538314
PAT_92_141_551_mask.png,0.8881217086015214,0.31780352480417756,0.16414726585377543,0.4998339206379945
PAT_93_142_269_mask.png,0.06834273986659825,0.13689071318624935,0.014316141400777473,0.07269915232274735
PAT_93_361_203_mask.png,0.4931277638341102,0.18901637384964742,0.14094735695893945,0.29624022477622014
PAT_93_361_231_mask.png,0.10108557732976174,0.05225809483528361,0.03147508297149632,0.06555418427393868
PAT_93_361_467_mask.png,0.34799296337757873,0.12186150647689109,0.10955820961825362,0.20862310017957492
PAT_93_361_51_mask.png,0.6793814432989691,0.7676499834272457,0.08306081068878401,0.5269658155543965
PAT_96_150_743_mask.png,1.1394504924831519,0.6519754671230923,0.14341272980436084,0.6943966560714967
PAT_97_151_503_mask.png,0.3712100813183262,0.04782163821422802,0.09510084293958375,0.19136077687347405
PAT_98_152_562_mask.png,0.1510828821324448,0.21793002915451895,0.06922937943905137,0.14658097543104903
PAT_99_153_636_mask.png,0.7423031127742813,0.08538867154277939,0.0642469424397403,0.34181192930446846
PAT_9_17_80_mask.png,1.2125660598943042,0.44979448032883146,0.026970684793911986,0.6280559734945447
